,All News Link
0,#content
1,https://moz.com/
2,https://moz.com/products/pro
3,
4,https://moz.com/products/local
5,
6,http://moz.com/products/stat
7,https://moz.com/products/api
8,https://moz.com/link-explorer
9,https://moz.com/explorer
10,https://moz.com/free-metrics-limit
11,https://moz.com/products/pro/seo-toolbar
12,https://moz.com/free-seo-tools
13,https://moz.com/beginners-guide-to-seo
14,https://moz.com/learn/seo
15,https://moz.com/training
16,/community/q
17,https://moz.com/resources
18,https://moz.com/blog
19,https://moz.com/agency-solutions
20,https://moz.com/enterprise-solutions
21,https://moz.com/smb-solutions
22,/resources?type=case-study
23,https://moz.com/about
24,/login
25,
26,/products
27,
28,/products/pro
29,https://moz.com/checkout/freetrial
30,
31,/products/local
32,https://moz.com/products/local/check-listing
33,
34,/products/stat
35,/products/stat/demo
36,
37,/products/api
38,https://moz.com/products/api/pricing
39,https://moz.com/products
40,/free-seo-tools
41,
42,/link-explorer
43,
44,/explorer
45,
46,/domain-analysis
47,
48,/products/pro/seo-toolbar
49,https://moz.com/free-seo-tools
50,/learn/seo
51,/beginners-guide-to-seo
52,/beginners-guide-to-seo
53,/resources?type=guide
54,/resources?type=guide
55,/learn/seo
56,/learn/seo
57,https://academy.moz.com/
58,https://academy.moz.com/
59,/resources?type=webinar
60,/resources?type=webinar
61,https://moz.com/community/q/
62,https://moz.com/community/q/
63,/learn/seo
64,/about
65,/smb-solutions
66,/smb-solutions
67,https://moz.com/about
68,https://moz.com/about
69,/agency-solutions
70,/agency-solutions
71,/resources?type=case-study
72,/resources?type=case-study
73,/enterprise-solutions
74,/enterprise-solutions
75,https://moz.com/search
76,/login
77,
78,
79,
80,
81,
82,
83,
84,
85,
86,
87,
88,
89,
90,
91,https://cms.local.moz.com/learn/seo/domain-authority
92,/free-seo-tools#best
93,/top-500/download/?table=top500Domains
94,https://moz.com/domain-analysis/www.google.com
95,https://www.google.com
96,https://moz.com/domain-analysis/youtube.com
97,https://youtube.com
98,https://moz.com/domain-analysis/www.blogger.com
99,https://www.blogger.com
100,https://moz.com/domain-analysis/microsoft.com
101,https://microsoft.com
102,https://moz.com/domain-analysis/linkedin.com
103,https://linkedin.com
104,https://moz.com/domain-analysis/apple.com
105,https://apple.com
106,https://moz.com/domain-analysis/play.google.com
107,https://play.google.com
108,https://moz.com/domain-analysis/support.google.com
109,https://support.google.com
110,https://moz.com/domain-analysis/youtu.be
111,https://youtu.be
112,https://moz.com/domain-analysis/wordpress.org
113,https://wordpress.org
114,/domain-analysis
115,https://moz.com/domain-analysis/mozilla.org
116,https://mozilla.org
117,https://moz.com/domain-analysis/cloudflare.com
118,https://cloudflare.com
119,https://moz.com/domain-analysis/maps.google.com
120,https://maps.google.com
121,https://moz.com/domain-analysis/en.wikipedia.org
122,https://en.wikipedia.org
123,https://moz.com/domain-analysis/docs.google.com
124,https://docs.google.com
125,https://moz.com/domain-analysis/drive.google.com
126,https://drive.google.com
127,https://moz.com/domain-analysis/googleusercontent.com
128,https://googleusercontent.com
129,https://moz.com/domain-analysis/plus.google.com
130,https://plus.google.com
131,https://moz.com/domain-analysis/sites.google.com
132,https://sites.google.com
133,https://moz.com/domain-analysis/europa.eu
134,https://europa.eu
135,https://moz.com/domain-analysis/whatsapp.com
136,https://whatsapp.com
137,https://moz.com/domain-analysis/bp.blogspot.com
138,https://bp.blogspot.com
139,https://moz.com/domain-analysis/adobe.com
140,https://adobe.com
141,https://moz.com/domain-analysis/accounts.google.com
142,https://accounts.google.com
143,https://moz.com/domain-analysis/amazon.com
144,https://amazon.com
145,https://moz.com/domain-analysis/uol.com.br
146,https://uol.com.br
147,https://moz.com/domain-analysis/istockphoto.com
148,https://istockphoto.com
149,https://moz.com/domain-analysis/es.wikipedia.org
150,https://es.wikipedia.org
151,https://moz.com/domain-analysis/facebook.com
152,https://facebook.com
153,https://moz.com/domain-analysis/github.com
154,https://github.com
155,https://moz.com/domain-analysis/t.me
156,https://t.me
157,https://moz.com/domain-analysis/vk.com
158,https://vk.com
159,https://moz.com/domain-analysis/vimeo.com
160,https://vimeo.com
161,https://moz.com/domain-analysis/live.com
162,https://live.com
163,https://moz.com/domain-analysis/search.google.com
164,https://search.google.com
165,https://moz.com/domain-analysis/nih.gov
166,https://nih.gov
167,https://moz.com/domain-analysis/theguardian.com
168,https://theguardian.com
169,https://moz.com/domain-analysis/bbc.co.uk
170,https://bbc.co.uk
171,https://moz.com/domain-analysis/slideshare.net
172,https://slideshare.net
173,https://moz.com/domain-analysis/tools.google.com
174,https://tools.google.com
175,https://moz.com/domain-analysis/google.de
176,https://google.de
177,https://moz.com/domain-analysis/feedburner.com
178,https://feedburner.com
179,https://moz.com/domain-analysis/reuters.com
180,https://reuters.com
181,https://moz.com/domain-analysis/myspace.com
182,https://myspace.com
183,https://moz.com/domain-analysis/dailymotion.com
184,https://dailymotion.com
185,https://moz.com/domain-analysis/google.es
186,https://google.es
187,https://moz.com/domain-analysis/medium.com
188,https://medium.com
189,https://moz.com/domain-analysis/bbc.com
190,https://bbc.com
191,https://moz.com/domain-analysis/globo.com
192,https://globo.com
193,https://moz.com/domain-analysis/developers.google.com
194,https://developers.google.com
195,/domain-analysis
196,https://moz.com/domain-analysis/news.google.com
197,https://news.google.com
198,https://moz.com/domain-analysis/dropbox.com
199,https://dropbox.com
200,https://moz.com/domain-analysis/gstatic.com
201,https://gstatic.com
202,https://moz.com/domain-analysis/google.co.jp
203,https://google.co.jp
204,https://moz.com/domain-analysis/cpanel.net
205,https://cpanel.net
206,https://moz.com/domain-analysis/nytimes.com
207,https://nytimes.com
208,https://moz.com/domain-analysis/files.wordpress.com
209,https://files.wordpress.com
210,https://moz.com/domain-analysis/jimdofree.com
211,https://jimdofree.com
212,https://moz.com/domain-analysis/mail.google.com
213,https://mail.google.com
214,https://moz.com/domain-analysis/enable-javascript.com
215,https://enable-javascript.com
216,https://moz.com/domain-analysis/who.int
217,https://who.int
218,https://moz.com/domain-analysis/wikimedia.org
219,https://wikimedia.org
220,https://moz.com/domain-analysis/dan.com
221,https://dan.com
222,https://moz.com/domain-analysis/w3.org
223,https://w3.org
224,https://moz.com/domain-analysis/terra.com.br
225,https://terra.com.br
226,https://moz.com/domain-analysis/www.weebly.com
227,https://www.weebly.com
228,https://moz.com/domain-analysis/creativecommons.org
229,https://creativecommons.org
230,https://moz.com/domain-analysis/www.yahoo.com
231,https://www.yahoo.com
232,https://moz.com/domain-analysis/google.com.br
233,https://google.com.br
234,https://moz.com/domain-analysis/imdb.com
235,https://imdb.com
236,https://moz.com/domain-analysis/brandbucket.com
237,https://brandbucket.com
238,https://moz.com/domain-analysis/line.me
239,https://line.me
240,https://moz.com/domain-analysis/youronlinechoices.com
241,https://youronlinechoices.com
242,https://moz.com/domain-analysis/forbes.com
243,https://forbes.com
244,https://moz.com/domain-analysis/fr.wikipedia.org
245,https://fr.wikipedia.org
246,https://moz.com/domain-analysis/cnn.com
247,https://cnn.com
248,https://moz.com/domain-analysis/policies.google.com
249,https://policies.google.com
250,https://moz.com/domain-analysis/pt.wikipedia.org
251,https://pt.wikipedia.org
252,https://moz.com/domain-analysis/paypal.com
253,https://paypal.com
254,https://moz.com/domain-analysis/aboutads.info
255,https://aboutads.info
256,https://moz.com/domain-analysis/goo.gl
257,https://goo.gl
258,https://moz.com/domain-analysis/time.com
259,https://time.com
260,https://moz.com/domain-analysis/www.gov.br
261,https://www.gov.br
262,https://moz.com/domain-analysis/shopify.com
263,https://shopify.com
264,https://moz.com/domain-analysis/nasa.gov
265,https://nasa.gov
266,https://moz.com/domain-analysis/de.wikipedia.org
267,https://de.wikipedia.org
268,https://moz.com/domain-analysis/huffpost.com
269,https://huffpost.com
270,https://moz.com/domain-analysis/wired.com
271,https://wired.com
272,https://moz.com/domain-analysis/draft.blogger.com
273,https://draft.blogger.com
274,https://moz.com/domain-analysis/indiatimes.com
275,https://indiatimes.com
276,https://moz.com/domain-analysis/pixabay.com
277,https://pixabay.com
278,https://moz.com/domain-analysis/amazon.es
279,https://amazon.es
280,https://moz.com/domain-analysis/change.org
281,https://change.org
282,https://moz.com/domain-analysis/wa.me
283,https://wa.me
284,https://moz.com/domain-analysis/pinterest.com
285,https://pinterest.com
286,https://moz.com/domain-analysis/telegraph.co.uk
287,https://telegraph.co.uk
288,https://moz.com/domain-analysis/t.co
289,https://t.co
290,https://moz.com/domain-analysis/fb.com
291,https://fb.com
292,https://moz.com/domain-analysis/hatena.ne.jp
293,https://hatena.ne.jp
294,https://moz.com/domain-analysis/independent.co.uk
295,https://independent.co.uk
296,/domain-analysis
297,https://moz.com/domain-analysis/twitter.com
298,https://twitter.com
299,https://moz.com/domain-analysis/mail.ru
300,https://mail.ru
301,https://moz.com/domain-analysis/office.com
302,https://office.com
303,https://moz.com/domain-analysis/bloomberg.com
304,https://bloomberg.com
305,https://moz.com/domain-analysis/thesun.co.uk
306,https://thesun.co.uk
307,https://moz.com/domain-analysis/ok.ru
308,https://ok.ru
309,https://moz.com/domain-analysis/google.co.uk
310,https://google.co.uk
311,https://moz.com/domain-analysis/opera.com
312,https://opera.com
313,https://moz.com/domain-analysis/networkadvertising.org
314,https://networkadvertising.org
315,https://moz.com/domain-analysis/ipv4.google.com
316,https://ipv4.google.com
317,https://moz.com/domain-analysis/mediafire.com
318,https://mediafire.com
319,https://moz.com/domain-analysis/amazon.de
320,https://amazon.de
321,https://moz.com/domain-analysis/books.google.com
322,https://books.google.com
323,https://moz.com/domain-analysis/wp.com
324,https://wp.com
325,https://moz.com/domain-analysis/amazon.fr
326,https://amazon.fr
327,https://moz.com/domain-analysis/msn.com
328,https://msn.com
329,https://moz.com/domain-analysis/nature.com
330,https://nature.com
331,https://moz.com/domain-analysis/netvibes.com
332,https://netvibes.com
333,https://moz.com/domain-analysis/photos.google.com
334,https://photos.google.com
335,https://moz.com/domain-analysis/aliexpress.com
336,https://aliexpress.com
337,https://moz.com/domain-analysis/huffingtonpost.com
338,https://huffingtonpost.com
339,https://moz.com/domain-analysis/myaccount.google.com
340,https://myaccount.google.com
341,https://moz.com/domain-analysis/translate.google.com
342,https://translate.google.com
343,https://moz.com/domain-analysis/picasaweb.google.com
344,https://picasaweb.google.com
345,https://moz.com/domain-analysis/tinyurl.com
346,https://tinyurl.com
347,https://moz.com/domain-analysis/abril.com.br
348,https://abril.com.br
349,https://moz.com/domain-analysis/washingtonpost.com
350,https://washingtonpost.com
351,https://moz.com/domain-analysis/google.ru
352,https://google.ru
353,https://moz.com/domain-analysis/archive.org
354,https://archive.org
355,https://moz.com/domain-analysis/booking.com
356,https://booking.com
357,https://moz.com/domain-analysis/express.co.uk
358,https://express.co.uk
359,https://moz.com/domain-analysis/foxnews.com
360,https://foxnews.com
361,https://moz.com/domain-analysis/bit.ly
362,https://bit.ly
363,https://moz.com/domain-analysis/news.yahoo.com
364,https://news.yahoo.com
365,https://moz.com/domain-analysis/cdc.gov
366,https://cdc.gov
367,https://moz.com/domain-analysis/hugedomains.com
368,https://hugedomains.com
369,https://moz.com/domain-analysis/amazon.co.uk
370,https://amazon.co.uk
371,https://moz.com/domain-analysis/4shared.com
372,https://4shared.com
373,https://moz.com/domain-analysis/cnet.com
374,https://cnet.com
375,https://moz.com/domain-analysis/gravatar.com
376,https://gravatar.com
377,https://moz.com/domain-analysis/businessinsider.com
378,https://businessinsider.com
379,https://moz.com/domain-analysis/cpanel.com
380,https://cpanel.com
381,https://moz.com/domain-analysis/wikia.com
382,https://wikia.com
383,https://moz.com/domain-analysis/issuu.com
384,https://issuu.com
385,https://moz.com/domain-analysis/google.fr
386,https://google.fr
387,https://moz.com/domain-analysis/marketingplatform.google.com
388,https://marketingplatform.google.com
389,https://moz.com/domain-analysis/elmundo.es
390,https://elmundo.es
391,https://moz.com/domain-analysis/mirror.co.uk
392,https://mirror.co.uk
393,https://moz.com/domain-analysis/ig.com.br
394,https://ig.com.br
395,https://moz.com/domain-analysis/ytimg.com
396,https://ytimg.com
397,/domain-analysis
398,https://moz.com/domain-analysis/shutterstock.com
399,https://shutterstock.com
400,https://moz.com/domain-analysis/google.pl
401,https://google.pl
402,https://moz.com/domain-analysis/id.wikipedia.org
403,https://id.wikipedia.org
404,https://moz.com/domain-analysis/dailymail.co.uk
405,https://dailymail.co.uk
406,https://moz.com/domain-analysis/wsj.com
407,https://wsj.com
408,https://moz.com/domain-analysis/estadao.com.br
409,https://estadao.com.br
410,https://moz.com/domain-analysis/android.com
411,https://android.com
412,https://moz.com/domain-analysis/usatoday.com
413,https://usatoday.com
414,https://moz.com/domain-analysis/scribd.com
415,https://scribd.com
416,https://moz.com/domain-analysis/afternic.com
417,https://afternic.com
418,https://moz.com/domain-analysis/buydomains.com
419,https://buydomains.com
420,https://moz.com/domain-analysis/get.google.com
421,https://get.google.com
422,https://moz.com/domain-analysis/plesk.com
423,https://plesk.com
424,https://moz.com/domain-analysis/ru.wikipedia.org
425,https://ru.wikipedia.org
426,https://moz.com/domain-analysis/telegram.me
427,https://telegram.me
428,https://moz.com/domain-analysis/namecheap.com
429,https://namecheap.com
430,https://moz.com/domain-analysis/un.org
431,https://un.org
432,https://moz.com/domain-analysis/list-manage.com
433,https://list-manage.com
434,https://moz.com/domain-analysis/researchgate.net
435,https://researchgate.net
436,https://moz.com/domain-analysis/forms.gle
437,https://forms.gle
438,https://moz.com/domain-analysis/elpais.com
439,https://elpais.com
440,https://moz.com/domain-analysis/google.it
441,https://google.it
442,https://moz.com/domain-analysis/amazon.co.jp
443,https://amazon.co.jp
444,https://moz.com/domain-analysis/rakuten.co.jp
445,https://rakuten.co.jp
446,https://moz.com/domain-analysis/fandom.com
447,https://fandom.com
448,https://moz.com/domain-analysis/www.gov.uk
449,https://www.gov.uk
450,https://moz.com/domain-analysis/google.com.tw
451,https://google.com.tw
452,https://moz.com/domain-analysis/weibo.com
453,https://weibo.com
454,https://moz.com/domain-analysis/gmail.com
455,https://gmail.com
456,https://moz.com/domain-analysis/gizmodo.com
457,https://gizmodo.com
458,https://moz.com/domain-analysis/google.ca
459,https://google.ca
460,https://moz.com/domain-analysis/samsung.com
461,https://samsung.com
462,https://moz.com/domain-analysis/thenai.org
463,https://thenai.org
464,https://moz.com/domain-analysis/nypost.com
465,https://nypost.com
466,https://moz.com/domain-analysis/thetimes.co.uk
467,https://thetimes.co.uk
468,https://moz.com/domain-analysis/lemonde.fr
469,https://lemonde.fr
470,https://moz.com/domain-analysis/bloglovin.com
471,https://bloglovin.com
472,https://moz.com/domain-analysis/repubblica.it
473,https://repubblica.it
474,https://moz.com/domain-analysis/quora.com
475,https://quora.com
476,https://moz.com/domain-analysis/whitehouse.gov
477,https://whitehouse.gov
478,https://moz.com/domain-analysis/akamaized.net
479,https://akamaized.net
480,https://moz.com/domain-analysis/ted.com
481,https://ted.com
482,https://moz.com/domain-analysis/urbandictionary.com
483,https://urbandictionary.com
484,https://moz.com/domain-analysis/imageshack.us
485,https://imageshack.us
486,https://moz.com/domain-analysis/yadi.sk
487,https://yadi.sk
488,https://moz.com/domain-analysis/instagram.com
489,https://instagram.com
490,https://moz.com/domain-analysis/akamaihd.net
491,https://akamaihd.net
492,https://moz.com/domain-analysis/news.com.au
493,https://news.com.au
494,https://moz.com/domain-analysis/www.over-blog.com
495,https://www.over-blog.com
496,https://moz.com/domain-analysis/disqus.com
497,https://disqus.com
498,/domain-analysis
499,https://moz.com/domain-analysis/freepik.com
500,https://freepik.com
501,https://moz.com/domain-analysis/playstation.com
502,https://playstation.com
503,https://moz.com/domain-analysis/clarin.com
504,https://clarin.com
505,https://moz.com/domain-analysis/plos.org
506,https://plos.org
507,https://moz.com/domain-analysis/mozilla.com
508,https://mozilla.com
509,https://moz.com/domain-analysis/php.net
510,https://php.net
511,https://moz.com/domain-analysis/doi.org
512,https://doi.org
513,https://moz.com/domain-analysis/biglobe.ne.jp
514,https://biglobe.ne.jp
515,https://moz.com/domain-analysis/google.nl
516,https://google.nl
517,https://moz.com/domain-analysis/hollywoodreporter.com
518,https://hollywoodreporter.com
519,https://moz.com/domain-analysis/calendar.google.com
520,https://calendar.google.com
521,https://moz.com/domain-analysis/as.com
522,https://as.com
523,https://moz.com/domain-analysis/storage.googleapis.com
524,https://storage.googleapis.com
525,https://moz.com/domain-analysis/netflix.com
526,https://netflix.com
527,https://moz.com/domain-analysis/gooyaabitemplates.com
528,https://gooyaabitemplates.com
529,https://moz.com/domain-analysis/clickbank.net
530,https://clickbank.net
531,https://moz.com/domain-analysis/mashable.com
532,https://mashable.com
533,https://moz.com/domain-analysis/canva.com
534,https://canva.com
535,https://moz.com/domain-analysis/detik.com
536,https://detik.com
537,https://moz.com/domain-analysis/berkeley.edu
538,https://berkeley.edu
539,https://moz.com/domain-analysis/themeforest.net
540,https://themeforest.net
541,https://moz.com/domain-analysis/picasa.google.com
542,https://picasa.google.com
543,https://moz.com/domain-analysis/nbcnews.com
544,https://nbcnews.com
545,https://moz.com/domain-analysis/zdf.de
546,https://zdf.de
547,https://moz.com/domain-analysis/abc.es
548,https://abc.es
549,https://moz.com/domain-analysis/kickstarter.com
550,https://kickstarter.com
551,https://moz.com/domain-analysis/alexa.com
552,https://alexa.com
553,https://moz.com/domain-analysis/e-recht24.de
554,https://e-recht24.de
555,https://moz.com/domain-analysis/lavanguardia.com
556,https://lavanguardia.com
557,https://moz.com/domain-analysis/ft.com
558,https://ft.com
559,https://moz.com/domain-analysis/t-online.de
560,https://t-online.de
561,https://moz.com/domain-analysis/bp2.blogger.com
562,https://bp2.blogger.com
563,https://moz.com/domain-analysis/lefigaro.fr
564,https://lefigaro.fr
565,https://moz.com/domain-analysis/google.co.in
566,https://google.co.in
567,https://moz.com/domain-analysis/gofundme.com
568,https://gofundme.com
569,https://moz.com/domain-analysis/cornell.edu
570,https://cornell.edu
571,https://moz.com/domain-analysis/ovh.com
572,https://ovh.com
573,https://moz.com/domain-analysis/finance.yahoo.com
574,https://finance.yahoo.com
575,https://moz.com/domain-analysis/interia.pl
576,https://interia.pl
577,https://moz.com/domain-analysis/it.wikipedia.org
578,https://it.wikipedia.org
579,https://moz.com/domain-analysis/groups.google.com
580,https://groups.google.com
581,https://moz.com/domain-analysis/mega.nz
582,https://mega.nz
583,https://moz.com/domain-analysis/e-monsite.com
584,https://e-monsite.com
585,https://moz.com/domain-analysis/fb.me
586,https://fb.me
587,https://moz.com/domain-analysis/alibaba.com
588,https://alibaba.com
589,https://moz.com/domain-analysis/liberation.fr
590,https://liberation.fr
591,https://moz.com/domain-analysis/arxiv.org
592,https://arxiv.org
593,https://moz.com/domain-analysis/abcnews.go.com
594,https://abcnews.go.com
595,https://moz.com/domain-analysis/soundcloud.com
596,https://soundcloud.com
597,https://moz.com/domain-analysis/sciencemag.org
598,https://sciencemag.org
599,/domain-analysis
600,https://moz.com/domain-analysis/metro.co.uk
601,https://metro.co.uk
602,https://moz.com/domain-analysis/instructables.com
603,https://instructables.com
604,https://moz.com/domain-analysis/deezer.com
605,https://deezer.com
606,https://moz.com/domain-analysis/pbs.org
607,https://pbs.org
608,https://moz.com/domain-analysis/rtve.es
609,https://rtve.es
610,https://moz.com/domain-analysis/bitly.com
611,https://bitly.com
612,https://moz.com/domain-analysis/npr.org
613,https://npr.org
614,https://moz.com/domain-analysis/prezi.com
615,https://prezi.com
616,https://moz.com/domain-analysis/steampowered.com
617,https://steampowered.com
618,https://moz.com/domain-analysis/latimes.com
619,https://latimes.com
620,https://moz.com/domain-analysis/smh.com.au
621,https://smh.com.au
622,https://moz.com/domain-analysis/nikkei.com
623,https://nikkei.com
624,https://moz.com/domain-analysis/dreamstime.com
625,https://dreamstime.com
626,https://moz.com/domain-analysis/springer.com
627,https://springer.com
628,https://moz.com/domain-analysis/abc.net.au
629,https://abc.net.au
630,https://moz.com/domain-analysis/ign.com
631,https://ign.com
632,https://moz.com/domain-analysis/outlook.com
633,https://outlook.com
634,https://moz.com/domain-analysis/chicagotribune.com
635,https://chicagotribune.com
636,https://moz.com/domain-analysis/walmart.com
637,https://walmart.com
638,https://moz.com/domain-analysis/rapidshare.com
639,https://rapidshare.com
640,https://moz.com/domain-analysis/pl.wikipedia.org
641,https://pl.wikipedia.org
642,https://moz.com/domain-analysis/netlify.app
643,https://netlify.app
644,https://moz.com/domain-analysis/tiktok.com
645,https://tiktok.com
646,https://moz.com/domain-analysis/yahoo.co.jp
647,https://yahoo.co.jp
648,https://moz.com/domain-analysis/discord.com
649,https://discord.com
650,https://moz.com/domain-analysis/skype.com
651,https://skype.com
652,https://moz.com/domain-analysis/cambridge.org
653,https://cambridge.org
654,https://moz.com/domain-analysis/cnil.fr
655,https://cnil.fr
656,https://moz.com/domain-analysis/ea.com
657,https://ea.com
658,https://moz.com/domain-analysis/huawei.com
659,https://huawei.com
660,https://moz.com/domain-analysis/nydailynews.com
661,https://nydailynews.com
662,https://moz.com/domain-analysis/welt.de
663,https://welt.de
664,https://moz.com/domain-analysis/www.wikipedia.org
665,https://www.wikipedia.org
666,https://moz.com/domain-analysis/rt.com
667,https://rt.com
668,https://moz.com/domain-analysis/disney.com
669,https://disney.com
670,https://moz.com/domain-analysis/eventbrite.com
671,https://eventbrite.com
672,https://moz.com/domain-analysis/ikea.com
673,https://ikea.com
674,https://moz.com/domain-analysis/sapo.pt
675,https://sapo.pt
676,https://moz.com/domain-analysis/qq.com
677,https://qq.com
678,https://moz.com/domain-analysis/britannica.com
679,https://britannica.com
680,https://moz.com/domain-analysis/lycos.com
681,https://lycos.com
682,https://moz.com/domain-analysis/wikihow.com
683,https://wikihow.com
684,https://moz.com/domain-analysis/leparisien.fr
685,https://leparisien.fr
686,https://moz.com/domain-analysis/buzzfeed.com
687,https://buzzfeed.com
688,https://moz.com/domain-analysis/cnbc.com
689,https://cnbc.com
690,https://moz.com/domain-analysis/stanford.edu
691,https://stanford.edu
692,https://moz.com/domain-analysis/vice.com
693,https://vice.com
694,https://moz.com/domain-analysis/photobucket.com
695,https://photobucket.com
696,https://moz.com/domain-analysis/economist.com
697,https://economist.com
698,https://moz.com/domain-analysis/aol.com
699,https://aol.com
700,/domain-analysis
701,https://moz.com/domain-analysis/godaddy.com
702,https://godaddy.com
703,https://moz.com/domain-analysis/ovh.net
704,https://ovh.net
705,https://moz.com/domain-analysis/newsweek.com
706,https://newsweek.com
707,https://moz.com/domain-analysis/bandcamp.com
708,https://bandcamp.com
709,https://moz.com/domain-analysis/twitch.tv
710,https://twitch.tv
711,https://moz.com/domain-analysis/canada.ca
712,https://canada.ca
713,https://moz.com/domain-analysis/techcrunch.com
714,https://techcrunch.com
715,https://moz.com/domain-analysis/engadget.com
716,https://engadget.com
717,https://moz.com/domain-analysis/zoom.us
718,https://zoom.us
719,https://moz.com/domain-analysis/ja.wikipedia.org
720,https://ja.wikipedia.org
721,https://moz.com/domain-analysis/sciencedirect.com
722,https://sciencedirect.com
723,https://moz.com/domain-analysis/webmd.com
724,https://webmd.com
725,https://moz.com/domain-analysis/apache.org
726,https://apache.org
727,https://moz.com/domain-analysis/tripadvisor.com
728,https://tripadvisor.com
729,https://moz.com/domain-analysis/oracle.com
730,https://oracle.com
731,https://moz.com/domain-analysis/mit.edu
732,https://mit.edu
733,https://moz.com/domain-analysis/pinterest.fr
734,https://pinterest.fr
735,https://moz.com/domain-analysis/sendspace.com
736,https://sendspace.com
737,https://moz.com/domain-analysis/m.wikipedia.org
738,https://m.wikipedia.org
739,https://moz.com/domain-analysis/code.google.com
740,https://code.google.com
741,https://moz.com/domain-analysis/ebay.com
742,https://ebay.com
743,https://moz.com/domain-analysis/bing.com
744,https://bing.com
745,https://moz.com/domain-analysis/goodreads.com
746,https://goodreads.com
747,https://moz.com/domain-analysis/privacyshield.gov
748,https://privacyshield.gov
749,https://moz.com/domain-analysis/theatlantic.com
750,https://theatlantic.com
751,https://moz.com/domain-analysis/standard.co.uk
752,https://standard.co.uk
753,https://moz.com/domain-analysis/sfgate.com
754,https://sfgate.com
755,https://moz.com/domain-analysis/bp1.blogger.com
756,https://bp1.blogger.com
757,https://moz.com/domain-analysis/ggpht.com
758,https://ggpht.com
759,https://moz.com/domain-analysis/feedproxy.google.com
760,https://feedproxy.google.com
761,https://moz.com/domain-analysis/academia.edu
762,https://academia.edu
763,https://moz.com/domain-analysis/photos1.blogger.com
764,https://photos1.blogger.com
765,https://moz.com/domain-analysis/amzn.to
766,https://amzn.to
767,https://moz.com/domain-analysis/sputniknews.com
768,https://sputniknews.com
769,https://moz.com/domain-analysis/addtoany.com
770,https://addtoany.com
771,https://moz.com/domain-analysis/insider.com
772,https://insider.com
773,https://moz.com/domain-analysis/sciencedaily.com
774,https://sciencedaily.com
775,https://moz.com/domain-analysis/spiegel.de
776,https://spiegel.de
777,https://moz.com/domain-analysis/ca.gov
778,https://ca.gov
779,https://moz.com/domain-analysis/naver.com
780,https://naver.com
781,https://moz.com/domain-analysis/amazon.it
782,https://amazon.it
783,https://moz.com/domain-analysis/pexels.com
784,https://pexels.com
785,https://moz.com/domain-analysis/sedo.com
786,https://sedo.com
787,https://moz.com/domain-analysis/ziddu.com
788,https://ziddu.com
789,https://moz.com/domain-analysis/surveymonkey.com
790,https://surveymonkey.com
791,https://moz.com/domain-analysis/icann.org
792,https://icann.org
793,https://moz.com/domain-analysis/psychologytoday.com
794,https://psychologytoday.com
795,https://moz.com/domain-analysis/hm.com
796,https://hm.com
797,https://moz.com/domain-analysis/target.com
798,https://target.com
799,https://moz.com/domain-analysis/discord.gg
800,https://discord.gg
801,/domain-analysis
802,https://moz.com/domain-analysis/zendesk.com
803,https://zendesk.com
804,https://moz.com/domain-analysis/dailystar.co.uk
805,https://dailystar.co.uk
806,https://moz.com/domain-analysis/search.yahoo.com
807,https://search.yahoo.com
808,https://moz.com/domain-analysis/doubleclick.net
809,https://doubleclick.net
810,https://moz.com/domain-analysis/xbox.com
811,https://xbox.com
812,https://moz.com/domain-analysis/secureserver.net
813,https://secureserver.net
814,https://moz.com/domain-analysis/addthis.com
815,https://addthis.com
816,https://moz.com/domain-analysis/spotify.com
817,https://spotify.com
818,https://moz.com/domain-analysis/yelp.com
819,https://yelp.com
820,https://moz.com/domain-analysis/espn.com
821,https://espn.com
822,https://moz.com/domain-analysis/dw.com
823,https://dw.com
824,https://moz.com/domain-analysis/cbc.ca
825,https://cbc.ca
826,https://moz.com/domain-analysis/bild.de
827,https://bild.de
828,https://moz.com/domain-analysis/theverge.com
829,https://theverge.com
830,https://moz.com/domain-analysis/nginx.com
831,https://nginx.com
832,https://moz.com/domain-analysis/about.com
833,https://about.com
834,https://moz.com/domain-analysis/hp.com
835,https://hp.com
836,https://moz.com/domain-analysis/yandex.ru
837,https://yandex.ru
838,https://moz.com/domain-analysis/ietf.org
839,https://ietf.org
840,https://moz.com/domain-analysis/adssettings.google.com
841,https://adssettings.google.com
842,https://moz.com/domain-analysis/nginx.org
843,https://nginx.org
844,https://moz.com/domain-analysis/unesco.org
845,https://unesco.org
846,https://moz.com/domain-analysis/harvard.edu
847,https://harvard.edu
848,https://moz.com/domain-analysis/www.wix.com
849,https://www.wix.com
850,https://moz.com/domain-analysis/cbsnews.com
851,https://cbsnews.com
852,https://moz.com/domain-analysis/oup.com
853,https://oup.com
854,https://moz.com/domain-analysis/gnu.org
855,https://gnu.org
856,https://moz.com/domain-analysis/nationalgeographic.com
857,https://nationalgeographic.com
858,https://moz.com/domain-analysis/googleblog.com
859,https://googleblog.com
860,https://moz.com/domain-analysis/washington.edu
861,https://washington.edu
862,https://moz.com/domain-analysis/wiley.com
863,https://wiley.com
864,https://moz.com/domain-analysis/francetvinfo.fr
865,https://francetvinfo.fr
866,https://moz.com/domain-analysis/20minutos.es
867,https://20minutos.es
868,https://moz.com/domain-analysis/newyorker.com
869,https://newyorker.com
870,https://moz.com/domain-analysis/guardian.co.uk
871,https://guardian.co.uk
872,https://moz.com/domain-analysis/variety.com
873,https://variety.com
874,https://moz.com/domain-analysis/ria.ru
875,https://ria.ru
876,https://moz.com/domain-analysis/tmz.com
877,https://tmz.com
878,https://moz.com/domain-analysis/psu.edu
879,https://psu.edu
880,https://moz.com/domain-analysis/scientificamerican.com
881,https://scientificamerican.com
882,https://moz.com/domain-analysis/wiktionary.org
883,https://wiktionary.org
884,https://moz.com/domain-analysis/calameo.com
885,https://calameo.com
886,https://moz.com/domain-analysis/ucla.edu
887,https://ucla.edu
888,https://moz.com/domain-analysis/asus.com
889,https://asus.com
890,https://moz.com/domain-analysis/dreniq.com
891,https://dreniq.com
892,https://moz.com/domain-analysis/lifehacker.com
893,https://lifehacker.com
894,https://moz.com/domain-analysis/dribbble.com
895,https://dribbble.com
896,https://moz.com/domain-analysis/flickr.com
897,https://flickr.com
898,https://moz.com/domain-analysis/scoop.it
899,https://scoop.it
900,https://moz.com/domain-analysis/yale.edu
901,https://yale.edu
902,/domain-analysis
903,https://moz.com/domain-analysis/techradar.com
904,https://techradar.com
905,https://moz.com/domain-analysis/merriam-webster.com
906,https://merriam-webster.com
907,https://moz.com/domain-analysis/digitaltrends.com
908,https://digitaltrends.com
909,https://moz.com/domain-analysis/legifrance.gouv.fr
910,https://legifrance.gouv.fr
911,https://moz.com/domain-analysis/redhat.com
912,https://redhat.com
913,https://moz.com/domain-analysis/gfycat.com
914,https://gfycat.com
915,https://moz.com/domain-analysis/blog.google
916,https://blog.google
917,https://moz.com/domain-analysis/iubenda.com
918,https://iubenda.com
919,https://moz.com/domain-analysis/alicdn.com
920,https://alicdn.com
921,https://moz.com/domain-analysis/politico.com
922,https://politico.com
923,https://moz.com/domain-analysis/sports.yahoo.com
924,https://sports.yahoo.com
925,https://moz.com/domain-analysis/liveinternet.ru
926,https://liveinternet.ru
927,https://moz.com/domain-analysis/stackoverflow.com
928,https://stackoverflow.com
929,https://moz.com/domain-analysis/greenpeace.org
930,https://greenpeace.org
931,https://moz.com/domain-analysis/xing.com
932,https://xing.com
933,https://moz.com/domain-analysis/elsevier.com
934,https://elsevier.com
935,https://moz.com/domain-analysis/udemy.com
936,https://udemy.com
937,https://moz.com/domain-analysis/ndtv.com
938,https://ndtv.com
939,https://moz.com/domain-analysis/parallels.com
940,https://parallels.com
941,https://moz.com/domain-analysis/lenta.ru
942,https://lenta.ru
943,https://moz.com/domain-analysis/focus.de
944,https://focus.de
945,https://moz.com/domain-analysis/searchenginejournal.com
946,https://searchenginejournal.com
947,https://moz.com/domain-analysis/zdnet.com
948,https://zdnet.com
949,https://moz.com/domain-analysis/sony.com
950,https://sony.com
951,https://moz.com/domain-analysis/behance.net
952,https://behance.net
953,https://moz.com/domain-analysis/tabelog.com
954,https://tabelog.com
955,https://moz.com/domain-analysis/statista.com
956,https://statista.com
957,https://moz.com/domain-analysis/indianexpress.com
958,https://indianexpress.com
959,https://moz.com/domain-analysis/sina.com.cn
960,https://sina.com.cn
961,https://moz.com/domain-analysis/answers.com
962,https://answers.com
963,https://moz.com/domain-analysis/sky.com
964,https://sky.com
965,https://moz.com/domain-analysis/ubuntu.com
966,https://ubuntu.com
967,https://moz.com/domain-analysis/scholastic.com
968,https://scholastic.com
969,https://moz.com/domain-analysis/utexas.edu
970,https://utexas.edu
971,https://moz.com/domain-analysis/video.google.com
972,https://video.google.com
973,https://moz.com/domain-analysis/house.gov
974,https://house.gov
975,https://moz.com/domain-analysis/usgs.gov
976,https://usgs.gov
977,https://moz.com/domain-analysis/depositfiles.com
978,https://depositfiles.com
979,https://moz.com/domain-analysis/dell.com
980,https://dell.com
981,https://moz.com/domain-analysis/naver.jp
982,https://naver.jp
983,https://moz.com/domain-analysis/blog.fc2.com
984,https://blog.fc2.com
985,https://moz.com/domain-analysis/weforum.org
986,https://weforum.org
987,https://moz.com/domain-analysis/unam.mx
988,https://unam.mx
989,https://moz.com/domain-analysis/amazon.ca
990,https://amazon.ca
991,https://moz.com/domain-analysis/state.gov
992,https://state.gov
993,https://moz.com/domain-analysis/ieee.org
994,https://ieee.org
995,https://moz.com/domain-analysis/bbci.co.uk
996,https://bbci.co.uk
997,https://moz.com/domain-analysis/espn.go.com
998,https://espn.go.com
999,https://moz.com/domain-analysis/a8.net
1000,https://a8.net
1001,https://moz.com/domain-analysis/kompas.com
1002,https://kompas.com
1003,/domain-analysis
1004,https://moz.com/domain-analysis/qz.com
1005,https://qz.com
1006,https://moz.com/domain-analysis/thehill.com
1007,https://thehill.com
1008,https://moz.com/domain-analysis/123rf.com
1009,https://123rf.com
1010,https://moz.com/domain-analysis/fifa.com
1011,https://fifa.com
1012,https://moz.com/domain-analysis/pinterest.co.uk
1013,https://pinterest.co.uk
1014,https://moz.com/domain-analysis/cisco.com
1015,https://cisco.com
1016,https://moz.com/domain-analysis/box.com
1017,https://box.com
1018,https://moz.com/domain-analysis/fortune.com
1019,https://fortune.com
1020,https://moz.com/domain-analysis/mercurynews.com
1021,https://mercurynews.com
1022,https://moz.com/domain-analysis/google.co.id
1023,https://google.co.id
1024,https://moz.com/domain-analysis/si.com
1025,https://si.com
1026,https://moz.com/domain-analysis/so-net.ne.jp
1027,https://so-net.ne.jp
1028,https://moz.com/domain-analysis/python.org
1029,https://python.org
1030,https://moz.com/domain-analysis/kotaku.com
1031,https://kotaku.com
1032,https://moz.com/domain-analysis/nl.wikipedia.org
1033,https://nl.wikipedia.org
1034,https://moz.com/domain-analysis/thestar.com
1035,https://thestar.com
1036,https://moz.com/domain-analysis/yandex.com
1037,https://yandex.com
1038,https://moz.com/domain-analysis/example.com
1039,https://example.com
1040,https://moz.com/domain-analysis/goal.com
1041,https://goal.com
1042,https://moz.com/domain-analysis/medicalnewstoday.com
1043,https://medicalnewstoday.com
1044,https://moz.com/domain-analysis/windows.net
1045,https://windows.net
1046,https://moz.com/domain-analysis/slate.com
1047,https://slate.com
1048,https://moz.com/domain-analysis/mailchimp.com
1049,https://mailchimp.com
1050,https://moz.com/domain-analysis/okezone.com
1051,https://okezone.com
1052,https://moz.com/domain-analysis/zeit.de
1053,https://zeit.de
1054,https://moz.com/domain-analysis/people.com
1055,https://people.com
1056,https://moz.com/domain-analysis/fda.gov
1057,https://fda.gov
1058,https://moz.com/domain-analysis/ebay.de
1059,https://ebay.de
1060,https://moz.com/domain-analysis/investopedia.com
1061,https://investopedia.com
1062,https://moz.com/domain-analysis/ibm.com
1063,https://ibm.com
1064,https://moz.com/domain-analysis/stores.jp
1065,https://stores.jp
1066,https://moz.com/domain-analysis/pcmag.com
1067,https://pcmag.com
1068,https://moz.com/domain-analysis/worldbank.org
1069,https://worldbank.org
1070,https://moz.com/domain-analysis/foursquare.com
1071,https://foursquare.com
1072,https://moz.com/domain-analysis/unicef.org
1073,https://unicef.org
1074,https://moz.com/domain-analysis/pewresearch.org
1075,https://pewresearch.org
1076,https://moz.com/domain-analysis/ebay.co.uk
1077,https://ebay.co.uk
1078,https://moz.com/domain-analysis/usda.gov
1079,https://usda.gov
1080,https://moz.com/domain-analysis/ovh.co.uk
1081,https://ovh.co.uk
1082,https://moz.com/domain-analysis/fastcompany.com
1083,https://fastcompany.com
1084,https://moz.com/domain-analysis/tes.com
1085,https://tes.com
1086,https://moz.com/domain-analysis/xinhuanet.com
1087,https://xinhuanet.com
1088,https://moz.com/domain-analysis/hindustantimes.com
1089,https://hindustantimes.com
1090,https://moz.com/domain-analysis/wisc.edu
1091,https://wisc.edu
1092,https://moz.com/domain-analysis/newscientist.com
1093,https://newscientist.com
1094,https://moz.com/domain-analysis/uefa.com
1095,https://uefa.com
1096,https://moz.com/domain-analysis/eonline.com
1097,https://eonline.com
1098,https://moz.com/domain-analysis/imgur.com
1099,https://imgur.com
1100,https://moz.com/domain-analysis/theconversation.com
1101,https://theconversation.com
1102,https://moz.com/domain-analysis/nifty.com
1103,https://nifty.com
1104,https://moz.com/
1105,https://moz.com/about/contact
1106,https://moz.com/community
1107,https://moz.com/moz-pro-free-trial
1108,https://moz.com/privacy-policy
1109,https://moz.com/about/jobs
1110,https://moz.com/help
1111,https://moz.com/about/news
1112,https://twitter.com/Moz
1113,https://www.facebook.com/moz/
1114,https://www.linkedin.com/company/moz/
