,AZCIR news
0,https://azcir.org/donate/
1,https://azcir.org/newsletter/
2,https://azcir.org/coronavirus/
3,https://azcir.org/education/
4,https://azcir.org/elections/
5,https://azcir.org/environment/
6,https://azcir.org/health/
7,https://azcir.org/government/
8,https://azcir.org/law-enforcement/
9,https://azcir.org/
10,https://azcir.org/about/
11,https://azcir.org/about/
12,https://azcir.org/announcements/
13,https://azcir.org/newsletter-subscribe/
14,https://azcir.org/contact/
15,https://twitter.com/arizcir
16,https://www.facebook.com/azcir
17,https://www.instagram.com/arizcir/
18,https://azcir.org/feed
19,#content
20,https://azcir.org/
21,https://azcir.org/
22,https://azcir.org/donate
23,https://azcir.org/news/2021/12/03/report-child-care-woes-cost-arizona-economy-billions/
24,https://azcir.org/news/2021/12/03/report-child-care-woes-cost-arizona-economy-billions/
25,https://azcir.org/news/author/mpolletta/
26,https://azcir.org/news/author/mpolletta/
27,https://azcir.org/news/2021/11/04/fragile-arizona-child-care-system-faces-decade-neglect/
28,https://azcir.org/news/2021/11/04/fragile-arizona-child-care-system-faces-decade-neglect/
29,https://azcir.org/news/author/mpolletta/
30,https://azcir.org/news/author/mpolletta/
31,https://azcir.org/news/2021/10/19/crisis-in-mental-health-care-arnold-v-sarn/
32,https://azcir.org/news/2021/10/19/crisis-in-mental-health-care-arnold-v-sarn/
33,https://azcir.org/news/author/asilverman/
34,https://azcir.org/news/author/asilverman/
35,https://azcir.org/news/2021/10/19/schizophrenia-upends-life-of-accomplished-academic/
36,https://azcir.org/news/2021/10/19/schizophrenia-upends-life-of-accomplished-academic/
37,https://azcir.org/news/2021/10/19/schizophrenia-upends-life-of-accomplished-academic/
38,https://azcir.org/news/2021/10/20/40-years-later-arnold-v-sarn-legacy-lives-on/
39,https://azcir.org/news/2021/10/20/40-years-later-arnold-v-sarn-legacy-lives-on/
40,https://azcir.org/news/2021/10/20/40-years-later-arnold-v-sarn-legacy-lives-on/
41,https://azcir.org/news/2021/10/21/grievances-reforms-arizona-state-hospital/
42,https://azcir.org/news/2021/10/21/grievances-reforms-arizona-state-hospital/
43,https://azcir.org/news/2021/10/21/grievances-reforms-arizona-state-hospital/
44,https://azcir.org/news/2021/10/22/unlicensed-unregulated-boarding-homes-jeopardize-community-living/
45,https://azcir.org/news/2021/10/22/unlicensed-unregulated-boarding-homes-jeopardize-community-living/
46,https://azcir.org/news/2021/10/22/unlicensed-unregulated-boarding-homes-jeopardize-community-living/
47,https://azcir.org/news/2021/11/16/patient-deaths-at-arizona-state-hospital-raise-questions-about-staffing-levels-lack-of-oversight/
48,https://azcir.org/news/2021/11/16/patient-deaths-at-arizona-state-hospital-raise-questions-about-staffing-levels-lack-of-oversight/
49,https://azcir.org/news/author/asilverman/
50,https://azcir.org/news/author/asilverman/
51,https://azcir.org/elections/
52,https://azcir.org/news/2021/08/31/arizona-school-covid-surges-data-lacking/
53,https://azcir.org/news/2021/08/31/arizona-school-covid-surges-data-lacking/
54,https://azcir.org/news/author/mpolletta/
55,https://azcir.org/news/author/smontanari/
56,https://azcir.org/news/2021/08/17/help-azcir-track-covid-outbreaks-arizona-schools/
57,https://azcir.org/news/2021/08/17/help-azcir-track-covid-outbreaks-arizona-schools/
58,https://azcir.org/news/author/mpolletta/
59,https://azcir.org/news/author/smontanari/
60,https://azcir.org/news/2021/06/14/504-plans-favor-wealthy-white-students-disabilities/
61,https://azcir.org/news/2021/06/14/504-plans-favor-wealthy-white-students-disabilities/
62,https://azcir.org/news/author/skmack/
63,https://azcir.org/news/2021/06/14/arizona-schools-report-inaccurate-civil-rights-data/
64,https://azcir.org/news/2021/06/14/arizona-schools-report-inaccurate-civil-rights-data/
65,https://azcir.org/news/author/skmack/
66,https://azcir.org/health/
67,https://azcir.org/news/2021/10/28/valley-fever-vaccine-dogs-promising-humans-next/
68,https://azcir.org/news/2021/10/28/valley-fever-vaccine-dogs-promising-humans-next/
69,https://azcir.org/news/author/smontanari/
70,https://azcir.org/news/2021/09/28/arizona-leads-nation-valley-fever-expert-calls-disease-of-color/
71,https://azcir.org/news/2021/09/28/arizona-leads-nation-valley-fever-expert-calls-disease-of-color/
72,https://azcir.org/news/author/smontanari/
73,https://azcir.org/news/2021/09/28/valley-fever-ecology-unknown-fungus-expanding-throughout-west/
74,https://azcir.org/news/2021/09/28/valley-fever-ecology-unknown-fungus-expanding-throughout-west/
75,https://azcir.org/news/author/smontanari/
76,https://azcir.org/news/2019/12/04/sick-alone-mental-illness-rural-jails/
77,https://azcir.org/news/2019/12/04/sick-alone-mental-illness-rural-jails/
78,https://azcir.org/news/author/terrygreenesterling/
79,https://azcir.org/elections/
80,https://azcir.org/news/2020/12/21/state-county-policies-impact-rejected-votes-november-election/
81,https://azcir.org/news/2020/12/21/state-county-policies-impact-rejected-votes-november-election/
82,https://azcir.org/news/author/skmack/
83,https://azcir.org/news/2020/10/23/history-of-rejected-arizona-ballots-creates-further-election-uncertainty/
84,https://azcir.org/news/2020/10/23/history-of-rejected-arizona-ballots-creates-further-election-uncertainty/
85,https://azcir.org/news/author/skmack/
86,https://azcir.org/news/2020/10/23/arizona-rejected-ballots-2020-data-methodology/
87,https://azcir.org/news/2020/10/23/arizona-rejected-ballots-2020-data-methodology/
88,https://azcir.org/news/author/skmack/
89,https://azcir.org/news/2018/04/03/az-candidate-larry-herrera-claims-support-of-dead-voters-in-attempt-to-get-public-campaign-funding/
90,https://azcir.org/news/2018/04/03/az-candidate-larry-herrera-claims-support-of-dead-voters-in-attempt-to-get-public-campaign-funding/
91,https://azcir.org/news/author/evanwyloge/
92,https://azcir.org/coronavirus/
93,https://azcir.org/news/2021/02/05/ivermectin-controversial-covid-treatment/
94,https://azcir.org/news/2021/02/05/ivermectin-controversial-covid-treatment/
95,https://azcir.org/news/author/terrygreenesterling/
96,https://azcir.org/news/2020/05/08/covid19-cases-surge-arizona-jail-us-marshals/
97,https://azcir.org/news/2020/05/08/covid19-cases-surge-arizona-jail-us-marshals/
98,https://azcir.org/news/author/judejoffeblock/
99,https://azcir.org/news/2020/04/27/coronavirus-cases-surge-american-airlines-sky-harbor/
100,https://azcir.org/news/2020/04/27/coronavirus-cases-surge-american-airlines-sky-harbor/
101,https://azcir.org/news/author/brandon/
102,https://azcir.org/news/author/judejoffeblock/
103,https://azcir.org/news/2020/04/16/arizona-detention-cases-increase/
104,https://azcir.org/news/2020/04/16/arizona-detention-cases-increase/
105,https://azcir.org/news/author/judejoffeblock/
106,https://azcir.org/news/author/valfernandez/
107,https://azcir.org/news/2018/08/02/despite-2016-law-salt-river-horses-remain-unmanaged/
108,https://azcir.org/news/2018/08/02/despite-2016-law-salt-river-horses-remain-unmanaged/
109,https://azcir.org/news/author/josephpostiglione/
110,https://azcir.org/news/2018/01/12/trump-border-wall-threatens-delicate-wildlife-habitat/
111,https://azcir.org/news/2018/01/12/trump-border-wall-threatens-delicate-wildlife-habitat/
112,https://azcir.org/news/author/meganjanetsky/
113,https://azcir.org/news/2017/10/20/navajo-generating-station-coal-plant-shutdown-looms-arizona-navajo-and-hopi-tribes-look-for-economic-solutions/
114,https://azcir.org/news/2017/10/20/navajo-generating-station-coal-plant-shutdown-looms-arizona-navajo-and-hopi-tribes-look-for-economic-solutions/
115,https://azcir.org/news/author/evanwyloge/
116,https://azcir.org/news/2015/11/23/outdated-water-standards-poor-government-oversight-sonora-river-mexico/
117,https://azcir.org/news/2015/11/23/outdated-water-standards-poor-government-oversight-sonora-river-mexico/
118,https://azcir.org/news/author/valfernandez/
119,https://azcir.org/law-enforcement/
120,https://azcir.org/news/2018/04/12/few-joe-arpaio-immigrant-victims-claim-unlawful-detention-compensation/
121,https://azcir.org/news/2018/04/12/few-joe-arpaio-immigrant-victims-claim-unlawful-detention-compensation/
122,https://azcir.org/news/author/judejoffeblock/
123,https://azcir.org/news/author/terrygreenesterling/
124,https://azcir.org/news/2017/08/08/arizona-police-law-enforcement-say-rico-asset-seizure-forfeiture-reforms-change-little-az/
125,https://azcir.org/news/2017/08/08/arizona-police-law-enforcement-say-rico-asset-seizure-forfeiture-reforms-change-little-az/
126,https://azcir.org/news/author/agnelphilip/
127,https://azcir.org/news/2017/02/13/az-legislature-rico-civil-asset-forfeiture-seizure-reforms/
128,https://azcir.org/news/2017/02/13/az-legislature-rico-civil-asset-forfeiture-seizure-reforms/
129,https://azcir.org/news/author/jimsmall/
130,https://azcir.org/news/2017/01/10/arizona-asset-rico-seizures-net-200m-in-past-five-years/
131,https://azcir.org/news/2017/01/10/arizona-asset-rico-seizures-net-200m-in-past-five-years/
132,https://azcir.org/news/author/emahoney/
133,https://azcir.org/news/author/agnelphilip/
134,https://azcir.org/donate/
135,https://azcir.org/content/
136,https://azcir.org/work-with-us/
137,https://azcir.org/newsletter/
138,https://azcir.org/
139,https://twitter.com/arizcir
140,https://www.facebook.com/azcir
141,https://www.instagram.com/arizcir/
142,https://azcir.org/feed
143,https://azcir.org/about/
144,/donate
145,/newsletter
146,https://newspack.pub/
147,https://azcir.org/privacy-policy/
