,Decoder News
0,https://news-decoder.com/
1,https://news-decoder.com/a-crazy-day-with-the-big-red-1/
2,https://news-decoder.com/about-us/
3,https://news-decoder.com/about-us/careers/
4,https://news-decoder.com/about-us/correspondents/
5,https://news-decoder.com/about-us/internship/
6,https://news-decoder.com/about-us/media-partners/
7,https://news-decoder.com/about-us/press-room/
8,https://news-decoder.com/about-us/trustees-and-advisors/
9,https://news-decoder.com/activities-for-young-people/
10,https://news-decoder.com/advertorial-content-policy/
11,https://news-decoder.com/christian-zionism-and-u-s-politics/
12,https://news-decoder.com/confirmation-de-don/
13,https://news-decoder.com/contact-us/
14,https://news-decoder.com/cutting-a-month-old-girl-in-nigeria/
15,https://news-decoder.com/donate/
16,https://news-decoder.com/donation-confirmation/
17,https://news-decoder.com/donation-history/
18,https://news-decoder.com/donor-dashboard/
19,https://news-decoder.com/donor-dashboard-3/
20,https://news-decoder.com/donor-dashboard-2/
21,https://news-decoder.com/editorial-policy/
22,https://news-decoder.com/forgot-password/
23,https://news-decoder.com/historique-des-dons/
24,https://news-decoder.com/hot-button-abortion-practices/
25,https://news-decoder.com/ib-schools/
26,https://news-decoder.com/le-don-a-echoue/
27,https://news-decoder.com/login/
28,https://news-decoder.com/login/student-log-in/
29,https://news-decoder.com/logout/
30,https://news-decoder.com/lostpassword/
31,https://news-decoder.com/macron-takes-aim-pension-reform-lawmakers-manifesto/
32,https://news-decoder.com/makingconnections/
33,https://news-decoder.com/monument-to-fallen-journalists-announced-in-u-s/
34,https://news-decoder.com/
35,https://news-decoder.com/news-decoder-correspondents-recall-the-pivotal-1960s/
36,https://news-decoder.com/news-decoder-services/
37,https://news-decoder.com/news-decoder-services/content-licensing/
38,https://news-decoder.com/news-decoder-services/speaking-engagements/
39,https://news-decoder.com/news-decoder-services/workshops/
40,https://news-decoder.com/our-supporters/
41,https://news-decoder.com/past-webinars/
42,https://news-decoder.com/payment-confirmation/
43,https://news-decoder.com/payment-failed/
44,https://news-decoder.com/in-playing-the-taiwan-card-will-it-come-up-trumps/
45,https://news-decoder.com/privacy-policy-2/
46,https://news-decoder.com/quiz/
47,https://news-decoder.com/recurring-donations/
48,https://news-decoder.com/recurring-donations-2/
49,https://news-decoder.com/register/
50,https://news-decoder.com/renewed-interest-in-the-moon/
51,https://news-decoder.com/resetpass/
52,https://news-decoder.com/resources-for-educators/
53,https://news-decoder.com/roundtable/
54,https://news-decoder.com/roundtable-guidelines/
55,https://news-decoder.com/school-partnerships/
56,https://news-decoder.com/school-partnerships/academic-partners/
57,https://news-decoder.com/school-partnerships/become-a-student-ambassador/
58,https://news-decoder.com/school-partnerships/global-citizenship-education/
59,https://news-decoder.com/school-partnerships/school-partnership-programme-details/
60,https://news-decoder.com/school-partnerships/school-partnership-programme-details/school-themes/
61,https://news-decoder.com/school-partnerships/start-your-school-partnership/
62,https://news-decoder.com/school-partnerships/student-ambassadors/
63,https://news-decoder.com/school-partnerships/student-ambassadors/student-ambassadors/
64,https://news-decoder.com/sitemap/
65,https://news-decoder.com/storytelling-contest/
66,https://news-decoder.com/news-decoder-students-tackle-big-issues-in-webinar-series/
67,https://news-decoder.com/subscribe/
68,https://news-decoder.com/terms-and-conditions/
69,https://news-decoder.com/welcome-to-our-global-learning-community/
70,https://news-decoder.com/what-is-northern-ireland/
71,https://news-decoder.com/your-privacy/
72,https://news-decoder.com/category/african-leadership-academy/
73,https://news-decoder.com/category/chadwick-school/
74,https://news-decoder.com/category/climate-change/
75,https://news-decoder.com/category/contest-winners/
76,https://news-decoder.com/category/contests/
77,https://news-decoder.com/category/culture/
78,https://news-decoder.com/category/culture/art/
79,https://news-decoder.com/category/culture/discovery/
80,https://news-decoder.com/category/culture/sport/
81,https://news-decoder.com/category/culture/technology/
82,https://news-decoder.com/category/decoders/
83,https://news-decoder.com/category/donald-trump/
84,https://news-decoder.com/category/economy/
85,https://news-decoder.com/category/economy/globalization/
86,https://news-decoder.com/category/economy/trade/
87,https://news-decoder.com/category/educators-catalog/
88,https://news-decoder.com/category/environment/
89,https://news-decoder.com/category/european-school-brussels/
90,https://news-decoder.com/category/eyewitness/
91,https://news-decoder.com/category/faculty-in-the-spotlight/
92,https://news-decoder.com/category/fake-news/
93,https://news-decoder.com/category/friends-seminary-institutions/
94,https://news-decoder.com/category/future-of-democracy/
95,https://news-decoder.com/category/gimnasio-los-caobos/
96,https://news-decoder.com/category/gfa/
97,https://news-decoder.com/category/guns-in-america/
98,https://news-decoder.com/category/health-and-wellness/
99,https://news-decoder.com/category/herlufsholm/
100,https://news-decoder.com/category/hewitt/
101,https://news-decoder.com/category/human-rights/
102,https://news-decoder.com/category/human-rights/womens-rights/
103,https://news-decoder.com/category/identity/
104,https://news-decoder.com/category/immigration/
105,https://news-decoder.com/category/ia/
106,https://news-decoder.com/category/islam/
107,https://news-decoder.com/category/joe-biden/
108,https://news-decoder.com/category/kepler/
109,https://news-decoder.com/category/kings/
110,https://news-decoder.com/category/la-jolla-cds/
111,https://news-decoder.com/category/media-literacy/
112,https://news-decoder.com/category/miss-porters-school/
113,https://news-decoder.com/category/news-decoder-alumni/
114,https://news-decoder.com/category/news-decoder-updates/
115,https://news-decoder.com/category/north-korea/
116,https://news-decoder.com/category/paris-attacks/
117,https://news-decoder.com/category/personal-reflections/
118,https://news-decoder.com/category/podcasts/
119,https://news-decoder.com/category/politics/
120,https://news-decoder.com/category/politics/conflict/
121,https://news-decoder.com/category/politics/government/
122,https://news-decoder.com/category/politics/nationalism/
123,https://news-decoder.com/category/refugees/
124,https://news-decoder.com/category/ryerson-university/
125,https://news-decoder.com/category/sya/
126,https://news-decoder.com/category/st-andrews/
127,https://news-decoder.com/category/student-posts/
128,https://news-decoder.com/category/students-in-the-spotlight/
129,https://news-decoder.com/category/syria/
130,https://news-decoder.com/category/terrorism/
131,https://news-decoder.com/category/thacher-school/
132,https://news-decoder.com/category/the-kids-are-alright/
133,https://news-decoder.com/category/transylvania-college/
134,https://news-decoder.com/category/uncategorized/
135,https://news-decoder.com/category/university-of-toronto-journalism/
136,https://news-decoder.com/category/westover/
137,https://news-decoder.com/category/world/
138,https://news-decoder.com/category/world/africa/
139,https://news-decoder.com/category/world/americas/
140,https://news-decoder.com/category/world/asia/
141,https://news-decoder.com/category/world/china/
142,https://news-decoder.com/category/world/europe/
143,https://news-decoder.com/category/world/middle-east/
144,https://news-decoder.com/category/world/united-states/
145,https://news-decoder.com/category/youth-voices/
146,https://news-decoder.com/about-us/
147,https://news-decoder.com/about-us/correspondents/
148,https://news-decoder.com/about-us/trustees-and-advisors/
149,https://news-decoder.com/about-us/careers/
150,https://news-decoder.com/about-us/internship/
151,https://news-decoder.com/about-us/media-partners/
152,https://news-decoder.com/about-us/press-room/
153,https://news-decoder.com/category/news-decoder-updates/
154,https://news-decoder.com/school-partnerships/
155,https://news-decoder.com/school-partnerships/start-your-school-partnership/
156,https://news-decoder.com/school-partnerships/global-citizenship-education/
157,https://news-decoder.com/school-partnerships/school-partnership-programme-details/
158,https://news-decoder.com/ib-schools/
159,https://news-decoder.com/school-partnerships/academic-partners/
160,https://news-decoder.com/school-partnerships/student-ambassadors/student-ambassadors/
161,https://news-decoder.com/school-partnerships/
162,https://news-decoder.com/news-decoder-services/speaking-engagements/
163,https://news-decoder.com/news-decoder-services/content-licensing/
164,https://news-decoder.com/activities-for-young-people/
165,https://news-decoder.com/resources-for-educators/
166,https://news-decoder.com/quiz/
167,https://news-decoder.com/donate/
168,https://news-decoder.com/our-supporters/
169,https://news-decoder.com/contact-us/
170,https://news-decoder.com/login/
171,https://news-decoder.com/
172,https://news-decoder.com/category/climate-change/
173,https://news-decoder.com/category/world/
174,https://news-decoder.com/category/world/
175,https://news-decoder.com/category/world/africa/
176,https://news-decoder.com/category/world/americas/
177,https://news-decoder.com/category/world/asia/
178,https://news-decoder.com/category/world/europe/
179,https://news-decoder.com/category/world/middle-east/
180,https://news-decoder.com/category/world/china/
181,https://news-decoder.com/category/world/united-states/
182,https://news-decoder.com/tag/COVID-19/
183,https://news-decoder.com/category/human-rights/
184,https://news-decoder.com/tag/afghanistan/
185,https://news-decoder.com/category/decoders/
186,https://news-decoder.com/category/youth-voices/
187,https://news-decoder.com/category/youth-voices/
188,https://news-decoder.com/category/student-posts/
189,https://news-decoder.com/category/contest-winners/
190,https://news-decoder.com/category/students-in-the-spotlight/
191,https://news-decoder.com/category/the-kids-are-alright/
192,https://news-decoder.com/category/news-decoder-alumni/
193,https://news-decoder.com/category/politics/
194,https://news-decoder.com/category/politics/
195,https://news-decoder.com/category/joe-biden/
196,https://news-decoder.com/tag/Brexit/
197,https://news-decoder.com/category/politics/conflict/
198,https://news-decoder.com/category/economy/
199,https://news-decoder.com/category/culture/
200,https://news-decoder.com/category/culture/
201,https://news-decoder.com/category/culture/discovery/
202,https://news-decoder.com/category/culture/art/
203,https://news-decoder.com/category/culture/sport/
204,https://news-decoder.com/category/culture/technology/
205,https://news-decoder.com/an-american-dream-or-nightmare/
206,https://news-decoder.com/an-american-dream-or-nightmare/
207,https://news-decoder.com/author/urvashibundelnews-decoder-com/
208,https://news-decoder.com/a-cardinal-sin-how-our-actions-affect-biodiversity/
209,https://news-decoder.com/a-cardinal-sin-how-our-actions-affect-biodiversity/
210,https://news-decoder.com/author/antjonesgmail-com/
211,https://news-decoder.com/humans-halted-ozone-depletion-now-lets-end-global-warming/
212,https://news-decoder.com/humans-halted-ozone-depletion-now-lets-end-global-warming/
213,https://news-decoder.com/author/terezaepps1gmail-com/
214,https://news-decoder.com/with-indecisive-cop26-climate-crisis-is-at-a-turning-point/
215,https://news-decoder.com/with-indecisive-cop26-climate-crisis-is-at-a-turning-point/
216,https://news-decoder.com/author/malcolmdavidsongmail-com/
217,https://news-decoder.com/we-saw-ice-caps-icebergs-and-climate-change-in-greenland/
218,https://news-decoder.com/we-saw-ice-caps-icebergs-and-climate-change-in-greenland/
219,https://news-decoder.com/author/simikka-dueholm-jensen-oluf-maersk-moller-and-ann/
220,/category/climate-change/
221,https://news-decoder.com/an-american-dream-or-nightmare/
222,https://news-decoder.com/an-american-dream-or-nightmare/
223,https://news-decoder.com/author/urvashibundelnews-decoder-com/
224,https://news-decoder.com/decoder-why-do-countries-impose-sanctions/
225,https://news-decoder.com/decoder-why-do-countries-impose-sanctions/
226,https://news-decoder.com/author/deborahcharlesgmail-com/
227,https://news-decoder.com/ganesha-and-santa-claus-separated-at-birth-you-decide/
228,https://news-decoder.com/ganesha-and-santa-claus-separated-at-birth-you-decide/
229,https://news-decoder.com/author/paulspencersochaczewskigmail-com/
230,https://news-decoder.com/to-resist-in-china-touch-a-fish-be-in-your-buddha-nature/
231,https://news-decoder.com/to-resist-in-china-touch-a-fish-be-in-your-buddha-nature/
232,https://news-decoder.com/author/davidschlesingergmail-com/
233,/category/world/
234,https://news-decoder.com/an-american-dream-or-nightmare/
235,https://news-decoder.com/an-american-dream-or-nightmare/
236,https://news-decoder.com/author/urvashibundelnews-decoder-com/
237,https://news-decoder.com/african-leadership-academy-students-share-top-contest-prize/
238,https://news-decoder.com/african-leadership-academy-students-share-top-contest-prize/
239,https://news-decoder.com/author/maria-krasinskinews-decoder-com/
240,https://news-decoder.com/a-cardinal-sin-how-our-actions-affect-biodiversity/
241,https://news-decoder.com/a-cardinal-sin-how-our-actions-affect-biodiversity/
242,https://news-decoder.com/author/antjonesgmail-com/
243,https://news-decoder.com/category/youth-voices/
244,/school-partnerships/
245,/category/media-literacy/
246,/category/eyewitness/
247,/category/personal-reflections/
248,/news-decoder-services/content-licensing/
249,https://news-decoder.com/news-decoder-services/speaking-engagements/
250,https://news-decoder.com/category/news-decoder-updates/
251,/category/news-decoder-updates/
252,mailto:%20info@news-decoder.com
253,https://news-decoder.com/activities-for-young-people/
254,https://news-decoder.com/activities-for-young-people/
255,https://news-decoder.com/activities-for-young-people/
256,https://news-decoder.com/activities-for-young-people/
257,https://news-decoder.com/activities-for-young-people/
258,https://news-decoder.com/resources-for-educators/
259,https://news-decoder.com/resources-for-educators/
260,https://news-decoder.com/resources-for-educators/
261,https://news-decoder.com/resources-for-educators/
262,https://news-decoder.com/resources-for-educators/
263,https://news-decoder.com/news-decoder-partner-honors-teachers-in-journalism-education/
264,https://news-decoder.com/news-decoder-partner-honors-teachers-in-journalism-education/
265,https://news-decoder.com/author/leila-rokernews-decoder-com/
266,https://news-decoder.com/five-news-outfits-win-prizes-for-covid-19-reporting-for-kids/
267,https://news-decoder.com/five-news-outfits-win-prizes-for-covid-19-reporting-for-kids/
268,https://news-decoder.com/author/nolwazimjwaragmail-com/
269,https://news-decoder.com/journalists-under-threat-on-world-press-freedom-day/
270,https://news-decoder.com/journalists-under-threat-on-world-press-freedom-day/
271,https://news-decoder.com/author/aralynnabaremcmanegmail-com/
272,/category/media-literacy/
273,https://news-decoder.com/decoder-why-do-countries-impose-sanctions/
274,https://news-decoder.com/decoder-why-do-countries-impose-sanctions/
275,https://news-decoder.com/author/deborahcharlesgmail-com/
276,https://news-decoder.com/decoder-why-woke-means-different-things-to-different-people/
277,https://news-decoder.com/decoder-why-woke-means-different-things-to-different-people/
278,https://news-decoder.com/author/bernddebusmanngmail-com/
279,https://news-decoder.com/decoder-crypto-currencies-good-or-bad-are-here-to-stay/
280,https://news-decoder.com/decoder-crypto-currencies-good-or-bad-are-here-to-stay/
281,https://news-decoder.com/author/stuartgrudgingsgmail-com/
282,/category/decoders/
283,/school-partnerships/
284,https://news-decoder.com/a-cardinal-sin-how-our-actions-affect-biodiversity/
285,https://news-decoder.com/author/antjonesgmail-com/
286,/category/environment/
287,https://news-decoder.com/despite-health-warnings-skin-lightening-products-persist/
288,https://news-decoder.com/author/daneeseraogmail-com/
289,/category/economy/
290,https://news-decoder.com/decoder-why-woke-means-different-things-to-different-people/
291,https://news-decoder.com/author/bernddebusmanngmail-com/
292,/category/human-rights/
293,https://news-decoder.com/african-leadership-academy-students-share-top-contest-prize/
294,https://news-decoder.com/african-leadership-academy-students-share-top-contest-prize/
295,https://news-decoder.com/author/maria-krasinskinews-decoder-com/
296,https://news-decoder.com/under-assault-democracy-will-survive-news-decoder-webinar/
297,https://news-decoder.com/under-assault-democracy-will-survive-news-decoder-webinar/
298,https://news-decoder.com/author/nelson-graves/
299,https://news-decoder.com/news-decoder-kicks-off-fundraising-campaign-to-extend-reach/
300,https://news-decoder.com/news-decoder-kicks-off-fundraising-campaign-to-extend-reach/
301,https://news-decoder.com/author/nelson-graves/
302,/category/news-decoder-updates/
303,https://news-decoder.com/makingconnections/
304,https://fr-fr.facebook.com/newsdecoder/
305,https://twitter.com/newsdecoder
306,https://www.instagram.com/newsdecoder/
307,https://www.linkedin.com/company/newsdecoder
308,https://www.youtube.com/c/News-decoder
309,/about-us/
310,/about-us/correspondents/
311,/about-us/media-partners/
312,/about-us/trustees-and-advisors/
313,/about-us/careers/
314,/about-us/internship/
315,/about-us/press-room/
316,/category/news-decoder-updates/
317,/category/world/
318,/category/politics/
319,/category/economy/
320,/category/environment/
321,/category/health-and-wellness/
322,/category/human-rights/
323,/category/culture/
324,/category/youth-voices/
325,/category/the-kids-are-alright/
326,/category/eyewitness/
327,/category/personal-reflections/
328,/category/media-literacy/
329,/category/decoders/
330,/category/students/students-in-the-spotlight/
331,/category/student-posts/
332,/school-partnerships/
333,/school-partnerships/start-your-school-partnership/
334,/school-partnerships/global-citizenship-education/
335,/school-partnerships/school-partnership-programme-details/
336,/school-partnerships/academic-partners/
337,/school-partnerships/student-ambassadors-19-20/
338,/school-partnerships/
339,/news-decoder-services/speaking-engagements/
340,/news-decoder-services/content-licensing/
341,/contact-us/
342,/donate/
343,/terms-and-conditions/
344,/privacy-policy-2/
345,/editorial-policy/
346,/advertorial-content-policy/
