,Google news
0,./?hl=en-PK&gl=PK&ceid=PK%3Aen
1,https://www.google.com.pk/intl/en-GB/about/products?tab=nh
2,https://accounts.google.com/ServiceLogin?passive=1209600&continue=https://news.google.com/topstories?hl%3Den-PK%26gl%3DPK%26ceid%3DPK:en%26headers%3DUser-Agent&followup=https://news.google.com/topstories?hl%3Den-PK%26gl%3DPK%26ceid%3DPK:en%26headers%3DUser-Agent&hl=en-PK&ec=GAZAqgM
3,./?hl=en-PK&gl=PK&ceid=PK%3Aen
4,./topstories?hl=en-PK&gl=PK&ceid=PK%3Aen
5,./topics/CAAqIggKIhxDQkFTRHdvSkwyMHZNREZqY0hsNUVnSmxiaWdBUAE?hl=en-PK&gl=PK&ceid=PK%3Aen
6,./topics/CAAqJQgKIh9DQkFTRVFvSUwyMHZNRFZ6WWpFU0JXVnVMVWRDS0FBUAE?hl=en-PK&gl=PK&ceid=PK%3Aen
7,./topics/CAAqKggKIiRDQkFTRlFvSUwyMHZNRGx1YlY4U0JXVnVMVWRDR2dKUVN5Z0FQAQ?hl=en-PK&gl=PK&ceid=PK%3Aen
8,./topics/CAAqHAgKIhZDQklTQ2pvSWJHOWpZV3hmZGpJb0FBUAE?hl=en-PK&gl=PK&ceid=PK%3Aen
9,./topics/CAAqKggKIiRDQkFTRlFvSUwyMHZNRGx6TVdZU0JXVnVMVWRDR2dKUVN5Z0FQAQ?hl=en-PK&gl=PK&ceid=PK%3Aen
10,./topics/CAAqKggKIiRDQkFTRlFvSUwyMHZNRGRqTVhZU0JXVnVMVWRDR2dKUVN5Z0FQAQ?hl=en-PK&gl=PK&ceid=PK%3Aen
11,./topics/CAAqKggKIiRDQkFTRlFvSUwyMHZNREpxYW5RU0JXVnVMVWRDR2dKUVN5Z0FQAQ?hl=en-PK&gl=PK&ceid=PK%3Aen
12,./topics/CAAqKggKIiRDQkFTRlFvSUwyMHZNRFp1ZEdvU0JXVnVMVWRDR2dKUVN5Z0FQAQ?hl=en-PK&gl=PK&ceid=PK%3Aen
13,./topics/CAAqKggKIiRDQkFTRlFvSUwyMHZNRFp0Y1RjU0JXVnVMVWRDR2dKUVN5Z0FQAQ?hl=en-PK&gl=PK&ceid=PK%3Aen
14,./topics/CAAqJQgKIh9DQkFTRVFvSUwyMHZNR3QwTlRFU0JXVnVMVWRDS0FBUAE?hl=en-PK&gl=PK&ceid=PK%3Aen
15,https://play.google.com/store/apps/details?id=com.google.android.apps.magazines&referrer=news.google.com?utm_source=web&utm_medium=menu&utm_campaign=side_menu_promotion
16,https://itunes.apple.com/PK/app/apple-store/id459182288?pt=9008&ct=Web%20Side%20Promotion&mt=8&l=en-PK
17,https://support.google.com/googlenews?p=web&hl=en-GB&authuser=0
18,https://policies.google.com/privacy?hl=en-GB
19,https://policies.google.com/terms?hl=en-GB
20,https://about.google?hl=en-PK
21,./topics/CAAqKggKIiRDQkFTRlFvSUwyMHZNRFZxYUdjU0JXVnVMVWRDR2dKUVN5Z0FQAQ?hl=en-PK&gl=PK&ceid=PK%3Aen
22,./topics/CAAqKggKIiRDQkFTRlFvSUwyMHZNRFZxYUdjU0JXVnVMVWRDR2dKUVN5Z0FQAQ?hl=en-PK&gl=PK&ceid=PK%3Aen
23,./articles/CBMiIWh0dHBzOi8vd3d3LmRhd24uY29tL25ld3MvMTY2OTIwMdIBJWh0dHBzOi8vd3d3LmRhd24uY29tL25ld3MvYW1wLzE2NjkyMDE?hl=en-PK&gl=PK&ceid=PK%3Aen
24,./articles/CBMiIWh0dHBzOi8vd3d3LmRhd24uY29tL25ld3MvMTY2OTIwMdIBJWh0dHBzOi8vd3d3LmRhd24uY29tL25ld3MvYW1wLzE2NjkyMDE?hl=en-PK&gl=PK&ceid=PK%3Aen
25,./articles/CBMiIWh0dHBzOi8vd3d3LmRhd24uY29tL25ld3MvMTY2OTIwMdIBJWh0dHBzOi8vd3d3LmRhd24uY29tL25ld3MvYW1wLzE2NjkyMDE?hl=en-PK&gl=PK&ceid=PK%3Aen
26,
27,./articles/CAIiEKbiLYH5ACTIOEdX2lLlq2gqMwgEKioIACIQueFm35xOZipy-QOS9ivtJCoUCAoiELnhZt-cTmYqcvkDkvYr7SQwpLX5Bg?hl=en-PK&gl=PK&ceid=PK%3Aen
28,./articles/CAIiEKbiLYH5ACTIOEdX2lLlq2gqMwgEKioIACIQueFm35xOZipy-QOS9ivtJCoUCAoiELnhZt-cTmYqcvkDkvYr7SQwpLX5Bg?hl=en-PK&gl=PK&ceid=PK%3Aen
29,./publications/CAAiELnhZt-cTmYqcvkDkvYr7SQqFAgKIhC54WbfnE5mKnL5A5L2K-0k?hl=en-PK&gl=PK&ceid=PK%3Aen
30,./articles/CAIiEOeNfO_12ogEwooAYsXhy2oqGQgEKhAIACoHCAowu5CGCzDM4IMDMIW7qAc?hl=en-PK&gl=PK&ceid=PK%3Aen
31,./articles/CAIiEOeNfO_12ogEwooAYsXhy2oqGQgEKhAIACoHCAowu5CGCzDM4IMDMIW7qAc?hl=en-PK&gl=PK&ceid=PK%3Aen
32,./publications/CAAqBwgKMLuQhgswzOCDAw?hl=en-PK&gl=PK&ceid=PK%3Aen
33,./articles/CBMiXmh0dHBzOi8vd3d3LnRoZW5ld3MuY29tLnBrL3ByaW50LzkyNDUzNy1tdXJyZWUtdHJhZ2VkeS1mcm9tLW1ham9yLW92ZXJzaWdodHMtdG8tc2VyaW91cy1sYXBzZXPSAVxodHRwczovL3d3dy50aGVuZXdzLmNvbS5way9hbXAvOTI0NTM3LW11cnJlZS10cmFnZWR5LWZyb20tbWFqb3Itb3ZlcnNpZ2h0cy10by1zZXJpb3VzLWxhcHNlcw?hl=en-PK&gl=PK&ceid=PK%3Aen
34,./articles/CBMiXmh0dHBzOi8vd3d3LnRoZW5ld3MuY29tLnBrL3ByaW50LzkyNDUzNy1tdXJyZWUtdHJhZ2VkeS1mcm9tLW1ham9yLW92ZXJzaWdodHMtdG8tc2VyaW91cy1sYXBzZXPSAVxodHRwczovL3d3dy50aGVuZXdzLmNvbS5way9hbXAvOTI0NTM3LW11cnJlZS10cmFnZWR5LWZyb20tbWFqb3Itb3ZlcnNpZ2h0cy10by1zZXJpb3VzLWxhcHNlcw?hl=en-PK&gl=PK&ceid=PK%3Aen
35,
36,./articles/CBMiNWh0dHBzOi8vd3d3LmRhd24uY29tL25ld3MvMTY2OTAwMS9zaGFtZWZ1bC1ibGFtZS1nYW1l0gElaHR0cHM6Ly93d3cuZGF3bi5jb20vbmV3cy9hbXAvMTY2OTAwMQ?hl=en-PK&gl=PK&ceid=PK%3Aen
37,./articles/CBMiNWh0dHBzOi8vd3d3LmRhd24uY29tL25ld3MvMTY2OTAwMS9zaGFtZWZ1bC1ibGFtZS1nYW1l0gElaHR0cHM6Ly93d3cuZGF3bi5jb20vbmV3cy9hbXAvMTY2OTAwMQ?hl=en-PK&gl=PK&ceid=PK%3Aen
38,
39,./stories/CAAqNggKIjBDQklTSGpvSmMzUnZjbmt0TXpZd1NoRUtEd2lwOWZMU0JCSHBZZmptbTAxeVJpZ0FQAQ?hl=en-PK&gl=PK&ceid=PK%3Aen
40,./articles/CAIiEKiGgPZhksgStp6Mavjf2CMqMwgEKioIACIQueFm35xOZipy-QOS9ivtJCoUCAoiELnhZt-cTmYqcvkDkvYr7SQwpLX5Bg?hl=en-PK&gl=PK&ceid=PK%3Aen
41,./articles/CAIiEKiGgPZhksgStp6Mavjf2CMqMwgEKioIACIQueFm35xOZipy-QOS9ivtJCoUCAoiELnhZt-cTmYqcvkDkvYr7SQwpLX5Bg?hl=en-PK&gl=PK&ceid=PK%3Aen
42,./articles/CAIiEKiGgPZhksgStp6Mavjf2CMqMwgEKioIACIQueFm35xOZipy-QOS9ivtJCoUCAoiELnhZt-cTmYqcvkDkvYr7SQwpLX5Bg?hl=en-PK&gl=PK&ceid=PK%3Aen
43,./publications/CAAiELnhZt-cTmYqcvkDkvYr7SQqFAgKIhC54WbfnE5mKnL5A5L2K-0k?hl=en-PK&gl=PK&ceid=PK%3Aen
44,./articles/CBMiIWh0dHBzOi8vd3d3LmRhd24uY29tL25ld3MvMTY2OTIyNdIBJWh0dHBzOi8vd3d3LmRhd24uY29tL25ld3MvYW1wLzE2NjkyMjU?hl=en-PK&gl=PK&ceid=PK%3Aen
45,./articles/CBMiIWh0dHBzOi8vd3d3LmRhd24uY29tL25ld3MvMTY2OTIyNdIBJWh0dHBzOi8vd3d3LmRhd24uY29tL25ld3MvYW1wLzE2NjkyMjU?hl=en-PK&gl=PK&ceid=PK%3Aen
46,
47,./articles/CAIiEFZ9slCroR_sGbzkG3sO6boqMwgEKioIACIQy9cYBp_vQmjNv9f9XtDXWioUCAoiEMvXGAaf70Jozb_X_V7Q11owxOLHBg?hl=en-PK&gl=PK&ceid=PK%3Aen
48,./articles/CAIiEFZ9slCroR_sGbzkG3sO6boqMwgEKioIACIQy9cYBp_vQmjNv9f9XtDXWioUCAoiEMvXGAaf70Jozb_X_V7Q11owxOLHBg?hl=en-PK&gl=PK&ceid=PK%3Aen
49,./publications/CAAiEMvXGAaf70Jozb_X_V7Q11oqFAgKIhDL1xgGn-9CaM2_1_1e0Nda?hl=en-PK&gl=PK&ceid=PK%3Aen
50,./articles/CAIiEDAU5MPjz9sdUQVkSiYJH7EqGQgEKhAIACoHCAowu5CGCzDM4IMDMIW7qAc?hl=en-PK&gl=PK&ceid=PK%3Aen
51,./articles/CAIiEDAU5MPjz9sdUQVkSiYJH7EqGQgEKhAIACoHCAowu5CGCzDM4IMDMIW7qAc?hl=en-PK&gl=PK&ceid=PK%3Aen
52,./publications/CAAqBwgKMLuQhgswzOCDAw?hl=en-PK&gl=PK&ceid=PK%3Aen
53,./articles/CAIiEMqhFiTjijuyRzT_2v56PwYqGQgEKhAIACoHCAowwpSUCzCv06kDMIjTxwY?hl=en-PK&gl=PK&ceid=PK%3Aen
54,./articles/CAIiEMqhFiTjijuyRzT_2v56PwYqGQgEKhAIACoHCAowwpSUCzCv06kDMIjTxwY?hl=en-PK&gl=PK&ceid=PK%3Aen
55,./publications/CAAqBwgKMMKUlAswr9OpAw?hl=en-PK&gl=PK&ceid=PK%3Aen
56,./stories/CAAqNggKIjBDQklTSGpvSmMzUnZjbmt0TXpZd1NoRUtEd2pCd2RySUJCRWpzMnFyTlIzMGN5Z0FQAQ?hl=en-PK&gl=PK&ceid=PK%3Aen
57,./articles/CBMiUmh0dHBzOi8vdHJpYnVuZS5jb20ucGsvc3RvcnkvMjMzODUzNS9jY2ktYXBwcm92ZXMtY29uZHVjdC1vZi03dGgtcG9wdWxhdGlvbi1jZW5zdXPSAVhodHRwczovL3RyaWJ1bmUuY29tLnBrL3N0b3J5LzIzMzg1MzUvY2NpLWFwcHJvdmVzLWNvbmR1Y3Qtb2YtN3RoLXBvcHVsYXRpb24tY2Vuc3VzP2FtcD0x?hl=en-PK&gl=PK&ceid=PK%3Aen
58,./articles/CBMiUmh0dHBzOi8vdHJpYnVuZS5jb20ucGsvc3RvcnkvMjMzODUzNS9jY2ktYXBwcm92ZXMtY29uZHVjdC1vZi03dGgtcG9wdWxhdGlvbi1jZW5zdXPSAVhodHRwczovL3RyaWJ1bmUuY29tLnBrL3N0b3J5LzIzMzg1MzUvY2NpLWFwcHJvdmVzLWNvbmR1Y3Qtb2YtN3RoLXBvcHVsYXRpb24tY2Vuc3VzP2FtcD0x?hl=en-PK&gl=PK&ceid=PK%3Aen
59,./articles/CBMiUmh0dHBzOi8vdHJpYnVuZS5jb20ucGsvc3RvcnkvMjMzODUzNS9jY2ktYXBwcm92ZXMtY29uZHVjdC1vZi03dGgtcG9wdWxhdGlvbi1jZW5zdXPSAVhodHRwczovL3RyaWJ1bmUuY29tLnBrL3N0b3J5LzIzMzg1MzUvY2NpLWFwcHJvdmVzLWNvbmR1Y3Qtb2YtN3RoLXBvcHVsYXRpb24tY2Vuc3VzP2FtcD0x?hl=en-PK&gl=PK&ceid=PK%3Aen
60,
61,./articles/CAIiEDb5EA2VZe80fegWHv6bSJgqMwgEKioIACIQueFm35xOZipy-QOS9ivtJCoUCAoiELnhZt-cTmYqcvkDkvYr7SQwzKmOBw?hl=en-PK&gl=PK&ceid=PK%3Aen
62,./articles/CAIiEDb5EA2VZe80fegWHv6bSJgqMwgEKioIACIQueFm35xOZipy-QOS9ivtJCoUCAoiELnhZt-cTmYqcvkDkvYr7SQwzKmOBw?hl=en-PK&gl=PK&ceid=PK%3Aen
63,./publications/CAAiELnhZt-cTmYqcvkDkvYr7SQqFAgKIhC54WbfnE5mKnL5A5L2K-0k?hl=en-PK&gl=PK&ceid=PK%3Aen
64,./articles/CAIiEAkJaAUPs0esJTHzjCdaemYqMwgEKioIACIQY2b5ujzciyN0LWhv-9PuKSoUCAoiEGNm-bo83IsjdC1ob_vT7ikwoYfeBg?hl=en-PK&gl=PK&ceid=PK%3Aen
65,./articles/CAIiEAkJaAUPs0esJTHzjCdaemYqMwgEKioIACIQY2b5ujzciyN0LWhv-9PuKSoUCAoiEGNm-bo83IsjdC1ob_vT7ikwoYfeBg?hl=en-PK&gl=PK&ceid=PK%3Aen
66,./publications/CAAiEGNm-bo83IsjdC1ob_vT7ikqFAgKIhBjZvm6PNyLI3QtaG_70-4p?hl=en-PK&gl=PK&ceid=PK%3Aen
67,./articles/CAIiEIA7fZCmVhHPrWA_1lJMreAqGQgEKhAIACoHCAowqYv-CjDFiooDMNS32QU?hl=en-PK&gl=PK&ceid=PK%3Aen
68,./articles/CAIiEIA7fZCmVhHPrWA_1lJMreAqGQgEKhAIACoHCAowqYv-CjDFiooDMNS32QU?hl=en-PK&gl=PK&ceid=PK%3Aen
69,./publications/CAAqBwgKMKmL_gowxYqKAw?hl=en-PK&gl=PK&ceid=PK%3Aen
70,./articles/CAIiENI6ehW2TaaMV4HGLGEj2FkqGQgEKhAIACoHCAowqYv-CjDFiooDMPO32QU?hl=en-PK&gl=PK&ceid=PK%3Aen
71,./articles/CAIiENI6ehW2TaaMV4HGLGEj2FkqGQgEKhAIACoHCAowqYv-CjDFiooDMPO32QU?hl=en-PK&gl=PK&ceid=PK%3Aen
72,./publications/CAAqBwgKMKmL_gowxYqKAw?hl=en-PK&gl=PK&ceid=PK%3Aen
73,./stories/CAAqNggKIjBDQklTSGpvSmMzUnZjbmt0TXpZd1NoRUtEd2lTNnFfVkJCRUJVOEdWSklXMWdpZ0FQAQ?hl=en-PK&gl=PK&ceid=PK%3Aen
74,./articles/CBMic2h0dHBzOi8vdHJpYnVuZS5jb20ucGsvc3RvcnkvMjMzODUyNC9wYWtpc3Rhbi1uYXZ5LWNhbm5vdC1kaXJlY3RseS1maWxlLWFwcGVhbC13aWxsLW5lZWQtdG8tZW5nYWdlLWRlZmVuY2Utc2VjeS1paGPSAXlodHRwczovL3RyaWJ1bmUuY29tLnBrL3N0b3J5LzIzMzg1MjQvcGFraXN0YW4tbmF2eS1jYW5ub3QtZGlyZWN0bHktZmlsZS1hcHBlYWwtd2lsbC1uZWVkLXRvLWVuZ2FnZS1kZWZlbmNlLXNlY3ktaWhjP2FtcD0x?hl=en-PK&gl=PK&ceid=PK%3Aen
75,./articles/CBMic2h0dHBzOi8vdHJpYnVuZS5jb20ucGsvc3RvcnkvMjMzODUyNC9wYWtpc3Rhbi1uYXZ5LWNhbm5vdC1kaXJlY3RseS1maWxlLWFwcGVhbC13aWxsLW5lZWQtdG8tZW5nYWdlLWRlZmVuY2Utc2VjeS1paGPSAXlodHRwczovL3RyaWJ1bmUuY29tLnBrL3N0b3J5LzIzMzg1MjQvcGFraXN0YW4tbmF2eS1jYW5ub3QtZGlyZWN0bHktZmlsZS1hcHBlYWwtd2lsbC1uZWVkLXRvLWVuZ2FnZS1kZWZlbmNlLXNlY3ktaWhjP2FtcD0x?hl=en-PK&gl=PK&ceid=PK%3Aen
76,./articles/CBMic2h0dHBzOi8vdHJpYnVuZS5jb20ucGsvc3RvcnkvMjMzODUyNC9wYWtpc3Rhbi1uYXZ5LWNhbm5vdC1kaXJlY3RseS1maWxlLWFwcGVhbC13aWxsLW5lZWQtdG8tZW5nYWdlLWRlZmVuY2Utc2VjeS1paGPSAXlodHRwczovL3RyaWJ1bmUuY29tLnBrL3N0b3J5LzIzMzg1MjQvcGFraXN0YW4tbmF2eS1jYW5ub3QtZGlyZWN0bHktZmlsZS1hcHBlYWwtd2lsbC1uZWVkLXRvLWVuZ2FnZS1kZWZlbmNlLXNlY3ktaWhjP2FtcD0x?hl=en-PK&gl=PK&ceid=PK%3Aen
77,
78,./articles/CAIiEA5tD3Dg2cVlwKV2tBVHRTQqGQgEKhAIACoHCAowu5CGCzDM4IMDMIW7qAc?hl=en-PK&gl=PK&ceid=PK%3Aen
79,./articles/CAIiEA5tD3Dg2cVlwKV2tBVHRTQqGQgEKhAIACoHCAowu5CGCzDM4IMDMIW7qAc?hl=en-PK&gl=PK&ceid=PK%3Aen
80,./articles/CAIiEA5tD3Dg2cVlwKV2tBVHRTQqGQgEKhAIACoHCAowu5CGCzDM4IMDMIW7qAc?hl=en-PK&gl=PK&ceid=PK%3Aen
81,./publications/CAAqBwgKMLuQhgswzOCDAw?hl=en-PK&gl=PK&ceid=PK%3Aen
82,./articles/CAIiEOqZC-Qame0i2ctmfb_qp0gqMwgEKioIACIQueFm35xOZipy-QOS9ivtJCoUCAoiELnhZt-cTmYqcvkDkvYr7SQwpLX5Bg?hl=en-PK&gl=PK&ceid=PK%3Aen
83,./articles/CAIiEOqZC-Qame0i2ctmfb_qp0gqMwgEKioIACIQueFm35xOZipy-QOS9ivtJCoUCAoiELnhZt-cTmYqcvkDkvYr7SQwpLX5Bg?hl=en-PK&gl=PK&ceid=PK%3Aen
84,./publications/CAAiELnhZt-cTmYqcvkDkvYr7SQqFAgKIhC54WbfnE5mKnL5A5L2K-0k?hl=en-PK&gl=PK&ceid=PK%3Aen
85,./articles/CAIiEGgsQkUIDxQNvRSeUcbyBQgqGQgEKhAIACoHCAowwpSUCzCv06kDMIjTxwY?hl=en-PK&gl=PK&ceid=PK%3Aen
86,./articles/CAIiEGgsQkUIDxQNvRSeUcbyBQgqGQgEKhAIACoHCAowwpSUCzCv06kDMIjTxwY?hl=en-PK&gl=PK&ceid=PK%3Aen
87,./publications/CAAqBwgKMMKUlAswr9OpAw?hl=en-PK&gl=PK&ceid=PK%3Aen
88,./articles/CAIiEAExSO6fahb_4KZ7YS5Ilv8qGQgEKhAIACoHCAowu5CGCzDM4IMDMPyCpwc?hl=en-PK&gl=PK&ceid=PK%3Aen
89,./articles/CAIiEAExSO6fahb_4KZ7YS5Ilv8qGQgEKhAIACoHCAowu5CGCzDM4IMDMPyCpwc?hl=en-PK&gl=PK&ceid=PK%3Aen
90,./publications/CAAqBwgKMLuQhgswzOCDAw?hl=en-PK&gl=PK&ceid=PK%3Aen
91,./articles/CAIiEJf1BB73C9_XGZgheq5gwMQqMwgEKioIACIQueFm35xOZipy-QOS9ivtJCoUCAoiELnhZt-cTmYqcvkDkvYr7SQwzKmOBw?hl=en-PK&gl=PK&ceid=PK%3Aen
92,./articles/CAIiEJf1BB73C9_XGZgheq5gwMQqMwgEKioIACIQueFm35xOZipy-QOS9ivtJCoUCAoiELnhZt-cTmYqcvkDkvYr7SQwzKmOBw?hl=en-PK&gl=PK&ceid=PK%3Aen
93,./publications/CAAiELnhZt-cTmYqcvkDkvYr7SQqFAgKIhC54WbfnE5mKnL5A5L2K-0k?hl=en-PK&gl=PK&ceid=PK%3Aen
94,./stories/CAAqNggKIjBDQklTSGpvSmMzUnZjbmt0TXpZd1NoRUtEd2lJOTZQVUJCRnJsTHlLSFRtRlRpZ0FQAQ?hl=en-PK&gl=PK&ceid=PK%3Aen
95,./articles/CAIiEGodvqxeP7dvTRxz2ynCnPMqGQgEKhAIACoHCAow2aSSCzDR3qcDMKmrvAY?hl=en-PK&gl=PK&ceid=PK%3Aen
96,./articles/CAIiEGodvqxeP7dvTRxz2ynCnPMqGQgEKhAIACoHCAow2aSSCzDR3qcDMKmrvAY?hl=en-PK&gl=PK&ceid=PK%3Aen
97,./articles/CAIiEGodvqxeP7dvTRxz2ynCnPMqGQgEKhAIACoHCAow2aSSCzDR3qcDMKmrvAY?hl=en-PK&gl=PK&ceid=PK%3Aen
98,./publications/CAAqBwgKMNmkkgsw0d6nAw?hl=en-PK&gl=PK&ceid=PK%3Aen
99,./articles/CBMiIWh0dHBzOi8vd3d3LmRhd24uY29tL25ld3MvMTY2OTIwMNIBJWh0dHBzOi8vd3d3LmRhd24uY29tL25ld3MvYW1wLzE2NjkyMDA?hl=en-PK&gl=PK&ceid=PK%3Aen
100,./articles/CBMiIWh0dHBzOi8vd3d3LmRhd24uY29tL25ld3MvMTY2OTIwMNIBJWh0dHBzOi8vd3d3LmRhd24uY29tL25ld3MvYW1wLzE2NjkyMDA?hl=en-PK&gl=PK&ceid=PK%3Aen
101,
102,./articles/CAIiEGCqOIFMSc5blpR9Cu7iaKIqGQgEKhAIACoHCAowqYv-CjDFiooDMNS32QU?hl=en-PK&gl=PK&ceid=PK%3Aen
103,./articles/CAIiEGCqOIFMSc5blpR9Cu7iaKIqGQgEKhAIACoHCAowqYv-CjDFiooDMNS32QU?hl=en-PK&gl=PK&ceid=PK%3Aen
104,./publications/CAAqBwgKMKmL_gowxYqKAw?hl=en-PK&gl=PK&ceid=PK%3Aen
105,./articles/CAIiEO43Ua2DAxok6TSHXi35DogqMwgEKioIACIQueFm35xOZipy-QOS9ivtJCoUCAoiELnhZt-cTmYqcvkDkvYr7SQwpLX5Bg?hl=en-PK&gl=PK&ceid=PK%3Aen
106,./articles/CAIiEO43Ua2DAxok6TSHXi35DogqMwgEKioIACIQueFm35xOZipy-QOS9ivtJCoUCAoiELnhZt-cTmYqcvkDkvYr7SQwpLX5Bg?hl=en-PK&gl=PK&ceid=PK%3Aen
107,./publications/CAAiELnhZt-cTmYqcvkDkvYr7SQqFAgKIhC54WbfnE5mKnL5A5L2K-0k?hl=en-PK&gl=PK&ceid=PK%3Aen
108,./articles/CBMiWWh0dHBzOi8vd3d3LnRoZW5ld3MuY29tLnBrL3ByaW50LzkyNDc4OC1rYXJhY2hpLXMtY292aWQtcG9zaXRpdml0eS1zaG9vdHMtb3Zlci0yMi1wZXJjZW500gFXaHR0cHM6Ly93d3cudGhlbmV3cy5jb20ucGsvYW1wLzkyNDc4OC1rYXJhY2hpLXMtY292aWQtcG9zaXRpdml0eS1zaG9vdHMtb3Zlci0yMi1wZXJjZW50?hl=en-PK&gl=PK&ceid=PK%3Aen
109,./articles/CBMiWWh0dHBzOi8vd3d3LnRoZW5ld3MuY29tLnBrL3ByaW50LzkyNDc4OC1rYXJhY2hpLXMtY292aWQtcG9zaXRpdml0eS1zaG9vdHMtb3Zlci0yMi1wZXJjZW500gFXaHR0cHM6Ly93d3cudGhlbmV3cy5jb20ucGsvYW1wLzkyNDc4OC1rYXJhY2hpLXMtY292aWQtcG9zaXRpdml0eS1zaG9vdHMtb3Zlci0yMi1wZXJjZW50?hl=en-PK&gl=PK&ceid=PK%3Aen
110,
111,./stories/CAAqNggKIjBDQklTSGpvSmMzUnZjbmt0TXpZd1NoRUtEd2pWajYzRUJCRXYyUmZBYkJObTdTZ0FQAQ?hl=en-PK&gl=PK&ceid=PK%3Aen
112,./topics/CAAqIQgKIhtDQkFTRGdvSUwyMHZNSGh1YURJU0FtVnVLQUFQAQ?hl=en-PK&gl=PK&ceid=PK%3Aen
113,./topics/CAAqIQgKIhtDQkFTRGdvSUwyMHZNRFEzYkdvU0FtVnVLQUFQAQ?hl=en-PK&gl=PK&ceid=PK%3Aen
114,./topics/CAAqIQgKIhtDQkFTRGdvSUwyMHZNRFZpTjNFU0FtVnVLQUFQAQ?hl=en-PK&gl=PK&ceid=PK%3Aen
115,./topics/CAAqIggKIhxDQkFTRHdvSkwyMHZNRE00ZW5rMUVnSmxiaWdBUAE?hl=en-PK&gl=PK&ceid=PK%3Aen
116,./topics/CAAqIQgKIhtDQkFTRGdvSUwyMHZNRFJuZW1RU0FtVnVLQUFQAQ?hl=en-PK&gl=PK&ceid=PK%3Aen
117,./topics/CAAqIQgKIhtDQkFTRGdvSUwyMHZNRFppYm5vU0FtVnVLQUFQAQ?hl=en-PK&gl=PK&ceid=PK%3Aen
118,./topics/CAAqIQgKIhtDQkFTRGdvSUwyMHZNRGRzWWpNU0FtVnVLQUFQAQ?hl=en-PK&gl=PK&ceid=PK%3Aen
119,./topics/CAAqIQgKIhtDQkFTRGdvSUwyMHZNR05qYkdRU0FtVnVLQUFQAQ?hl=en-PK&gl=PK&ceid=PK%3Aen
120,./topics/CAAqIAgKIhpDQkFTRFFvSEwyMHZNR3BrWkJJQ1pXNG9BQVAB?hl=en-PK&gl=PK&ceid=PK%3Aen
121,./topics/CAAqIQgKIhtDQkFTRGdvSUwyMHZNRGcwTUhjU0FtVnVLQUFQAQ?hl=en-PK&gl=PK&ceid=PK%3Aen
