,Jang news
0,https://jang.com.pk/
1,#_
2,https://jang.com.pk/prayer-time
3,https://jang.com.pk/category/latest-news
4,https://jang.com.pk/hot-topics/coronavirus
5,https://jang.com.pk/category/latest-news/national
6,https://jang.com.pk/category/latest-news/world
7,https://jang.com.pk/category/latest-news/sports
8,https://jang.com.pk/category/latest-news/entertainment
9,https://jang.com.pk/category/latest-news/video-reports
10,https://jang.com.pk/category/latest-news/amazing
11,https://jang.com.pk/category/latest-news/special-reports
12,https://jang.com.pk/category/latest-news/health-science
13,https://e.jang.com.pk/?_ga=2.175728930.1087195032.1618226699-1468767167.1616409232
14,https://jang.com.pk/category/today-newspaper
15,https://jang.com.pk/category/today-newspaper/editorial
16,https://jang.com.pk/category/today-newspaper
17,https://jang.com.pk/category/today-newspaper/topstory
18,https://jang.com.pk/category/today-newspaper/editorial
19,https://jang.com.pk/category/today-newspaper/national
20,https://jang.com.pk/category/today-newspaper/world
21,https://jang.com.pk/category/today-newspaper/europe
22,https://jang.com.pk/category/today-newspaper/sports
23,https://jang.com.pk/category/mera-shahar
24,https://jang.com.pk/category/today-newspaper/entertainment
25,https://jang.com.pk/category/today-newspaper/sindh
26,https://jang.com.pk/category/today-newspaper/education-women-health
27,https://jang.com.pk/category/today-newspaper/letters
28,https://jang.com.pk/category/today-newspaper/business
29,https://jang.com.pk/category/today-newspaper/editorial
30,https://jang.com.pk/columns-archive
31,https://jang.com.pk/category/mera-shahar
32,https://jang.com.pk/category/today-newspaper/karachi
33,https://jang.com.pk/category/mera-shahar/islamabad
34,https://jang.com.pk/category/mera-shahar/lahore
35,https://jang.com.pk/category/mera-shahar/peshawar
36,https://jang.com.pk/category/mera-shahar/quetta
37,https://jang.com.pk/category/mera-shahar/multan
38,https://jang.com.pk/category/urdu-news
39,https://jang.com.pk/category/latest-news
40,https://jang.com.pk/category/latest-news/national
41,https://jang.com.pk/category/latest-news/world
42,https://jang.com.pk/category/latest-news/sports
43,https://jang.com.pk/category/latest-news/entertainment
44,https://jang.com.pk/category/latest-news/video-reports
45,https://jang.com.pk/category/latest-news/amazing
46,https://jang.com.pk/category/latest-news/special-reports
47,https://jang.com.pk/category/latest-news/health-science
48,https://jang.com.pk/category/latest-news/business
49,https://jang.com.pk/columns-archive
50,https://e.jang.com.pk/?_ga=2.135084785.1952638459.1617611435-1181568177.1616404923
51,https://e.jang.com.pk/01-14-2022/karachi/page1.asp
52,https://e.jang.com.pk/01-14-2022/lahore/page1.asp
53,https://e.jang.com.pk/01-14-2022/pindi/page1.asp
54,https://e.jang.com.pk/01-14-2022/quetta/page1.asp
55,https://e.jang.com.pk/01-14-2022/multan/page1.asp
56,https://e.jang.com.pk/01-14-2022/london/page1.asp
57,https://jang.com.pk/category/today-newspaper
58,https://jang.com.pk/category/today-newspaper/topstory
59,https://jang.com.pk/category/today-newspaper/editorial
60,https://jang.com.pk/category/today-newspaper/national
61,https://jang.com.pk/category/today-newspaper/world
62,https://jang.com.pk/category/today-newspaper/europe
63,https://jang.com.pk/category/today-newspaper/sports
64,https://jang.com.pk/category/mera-shahar
65,https://jang.com.pk/category/today-newspaper/entertainment
66,https://jang.com.pk/category/today-newspaper/sindh
67,https://jang.com.pk/category/today-newspaper/education-women-health
68,https://jang.com.pk/category/today-newspaper/letters
69,https://jang.com.pk/category/today-newspaper/business
70,https://jang.com.pk/category/mera-shahar
71,https://jang.com.pk/category/today-newspaper/karachi
72,https://jang.com.pk/category/mera-shahar/islamabad
73,https://jang.com.pk/category/mera-shahar/lahore
74,https://jang.com.pk/category/mera-shahar/peshawar
75,https://jang.com.pk/category/mera-shahar/quetta
76,https://jang.com.pk/category/mera-shahar/multan
77,https://jang.com.pk/category/magazine
78,https://jang.com.pk/category/magazine/iqra
79,https://jang.com.pk/category/magazine/health
80,https://jang.com.pk/category/magazine/khana-khazana
81,https://jang.com.pk/category/magazine/fashion-and-showbiz
82,https://jang.com.pk/category/magazine/science-and-technology
83,https://jang.com.pk/category/magazine/fun-o-funkar
84,https://jang.com.pk/category/magazine/sunday-magazine
85,https://jang.com.pk/category/magazine/siaasi-tajziye-aur-tabsiry
86,https://jang.com.pk/category/magazine/taleem
87,https://jang.com.pk/category/magazine/jang-fashion
88,https://jang.com.pk/category/magazine/financial-times
89,https://jang.com.pk/category/magazine/commerce
90,https://jang.com.pk/category/magazine/zaraat
91,https://jang.com.pk/category/magazine/mkrf-society
92,https://jang.com.pk/category/magazine/tameeraat
93,https://jang.com.pk/category/magazine/women
94,https://jang.com.pk/category/magazine/ghar-pyara-ghar
95,https://jang.com.pk/category/magazine/beauty-and-skin-care
96,https://jang.com.pk/category/magazine/maholiyat
97,https://jang.com.pk/category/magazine/nisf-sae-zyada
98,https://jang.com.pk/category/magazine/economy
99,https://jang.com.pk/category/magazine/kolachi-karachi
100,https://jang.com.pk/category/magazine/humara-kal
101,https://jang.com.pk/category/magazine/jang-forum
102,https://jang.com.pk/category/magazine/special-edition
103,https://jang.com.pk/category/magazine/biladi
104,https://jang.com.pk/category/magazine/midweek-magazine
105,https://jang.com.pk/category/magazine/almi-manzar-nama
106,https://jang.com.pk/category/magazine/adab
107,https://jang.com.pk/category/magazine/wadi-mehran
108,https://jang.com.pk/category/magazine/home-and-decor
109,https://jang.com.pk/category/magazine/jurm-o-saza
110,https://jang.com.pk/category/magazine/nojawan
111,https://jang.com.pk/category/magazine/bachon-ka-jang
112,https://jang.com.pk/category/magazine/sair-o-saiyahat
113,https://jang.com.pk/category/magazine/the-telegraph
114,https://jang.com.pk/category/magazine/mutafariq
115,https://jang.com.pk/category/magazine/sports
116,https://jang.com.pk/jobs
117,https://jang.com.pk/en
118,https://www.facebook.com/JangDotComDotPk
119,https://twitter.com/jang_akhbar
120,https://www.youtube.com/channel/UCA0lYvurqSUe3LNjjRRi03w
121,https://www.instagram.com/jangdotcom/
122,https://jang.com.pk/rss
123,https://jang.com.pk/news/1036796
124,https://jang.com.pk/news/1036801
125,https://jang.com.pk/news/1036794
126,https://jang.com.pk/news/1036824
127,https://jang.com.pk/news/1036820
128,https://jang.com.pk/news/1036809
129,https://jang.com.pk/news/1036800
130,https://jang.com.pk/news/1036812
131,https://jang.com.pk/news/1036853
132,https://jang.com.pk/news/1036852
133,https://jang.com.pk/news/1036849
134,https://jang.com.pk/news/1036843
135,https://jang.com.pk/news/1036839
136,https://jang.com.pk/news/1036840
137,https://jang.com.pk/news/1036848
138,https://jang.com.pk/news/1036846
139,https://jang.com.pk/news/1036845
140,https://jang.com.pk/news/1036838
141,https://jang.com.pk/category/latest-news//national
142,https://jang.com.pk/news/1036853
143,https://jang.com.pk/news/1036832
144,https://jang.com.pk/news/1036849
145,https://jang.com.pk/news/1036839
146,https://jang.com.pk/news/1036852
147,https://jang.com.pk/news/1036843
148,https://jang.com.pk/news/1036847
149,https://jang.com.pk/news/1036841
150,https://jang.com.pk/news/1036845
151,https://jang.com.pk/news/1036848
152,https://jang.com.pk/category/latest-news//entertainment
153,https://jang.com.pk/news/1036830
154,https://jang.com.pk/news/1036820
155,https://jang.com.pk/news/1036822
156,https://jang.com.pk/news/1036816
157,https://jang.com.pk/news/1036773
158,https://jang.com.pk/news/1036781
159,https://jang.com.pk/news/1036738
160,https://jang.com.pk/news/1036766
161,https://jang.com.pk/news/1036754
162,https://jang.com.pk/news/1036737
163,https://jang.com.pk/category/latest-news//sports
164,https://jang.com.pk/news/1036851
165,https://jang.com.pk/news/1036823
166,https://jang.com.pk/news/1036768
167,https://jang.com.pk/news/1036763
168,https://jang.com.pk/news/1036734
169,https://jang.com.pk/news/1036753
170,https://jang.com.pk/news/1036740
171,https://jang.com.pk/news/1036689
172,https://jang.com.pk/news/1036700
173,https://jang.com.pk/news/1036692
174,https://jang.com.pk/category/latest-news//world
175,https://jang.com.pk/news/1036821
176,https://jang.com.pk/news/1036833
177,https://jang.com.pk/news/1036835
178,https://jang.com.pk/news/1036824
179,https://jang.com.pk/news/1036810
180,https://jang.com.pk/news/1036804
181,https://jang.com.pk/news/1036767
182,https://jang.com.pk/news/1036750
183,https://jang.com.pk/news/1036391
184,https://jang.com.pk/news/1036394
185,https://jang.com.pk/category/today-newspaper
186,https://jang.com.pk/news/1036409
187,https://jang.com.pk/news/1036410
188,https://jang.com.pk/news/1036569
189,https://jang.com.pk/news/1036570
190,https://jang.com.pk/news/1036571
191,https://jang.com.pk/news/1036572
192,https://jang.com.pk/news/1036573
193,https://jang.com.pk/news/1036574
194,https://jang.com.pk/news/1036575
195,https://jang.com.pk/news/1036576
196,https://jang.com.pk/category/latest-news
197,https://jang.com.pk/category/today-newspaper
198,https://jang.com.pk/category/today-newspaper/editorial
199,https://jang.com.pk/category/latest-news/national
200,https://jang.com.pk/category/latest-news/world
201,https://jang.com.pk/category/latest-news/sports
202,https://jang.com.pk/category/latest-news/entertainment
203,https://jang.com.pk/category/latest-news/amazing
204,https://jang.com.pk/category/latest-news/business
205,https://jang.com.pk/category/latest-news/health-science
206,https://jang.com.pk/en
207,https://jang.com.pk/category/magazine/khana-khazana
208,https://jang.com.pk/category/magazine/siaasi-tajziye-aur-tabsiry
209,https://jang.com.pk/category/magazine/jang-fashion
210,https://jang.com.pk/category/magazine/women
211,https://jang.com.pk/category/magazine/fashion-and-showbiz
212,https://jang.com.pk/category/magazine/commerce
213,https://jang.com.pk/category/magazine/beauty-and-skin-care
214,https://jang.com.pk/category/magazine/maholiyat
215,https://jang.com.pk/category/magazine/jurm-o-saza
216,https://jang.com.pk/category/magazine/zaraat
217,https://jang.com.pk/category/today-newspaper/karachi
218,https://jang.com.pk/category/mera-shahar/lahore
219,https://jang.com.pk/category/mera-shahar/islamabad
220,https://jang.com.pk/category/mera-shahar/peshawar
221,https://jang.com.pk/category/mera-shahar/quetta
222,https://jang.com.pk/category/mera-shahar/multan
223,https://www.facebook.com/JangDotComDotPk
224,https://twitter.com/jang_akhbar
225,https://www.youtube.com/channel/UCA0lYvurqSUe3LNjjRRi03w
226,https://www.instagram.com/jangdotcom/
227,https://jang.com.pk/rss
228,#_
229,#_
230,mailto:editorgeo.tv@immcorporate.com
231,mailto:sales@immcorporate.com
232,mailto:support@immcorporate.com
