,jeo Entartainment
0,https://www.geo.tv/
1,https://www.geo.tv/
2,https://www.geo.tv/election/constituency
3,https://www.geo.tv/election/candidates
4,https://www.geo.tv/election/results
5,https://www.geo.tv/
6,http://urdu.geo.tv
7,https://www.geo.tv/latest-news
8,https://www.geo.tv/trending/coronavirus
9,https://www.geo.tv/category/pakistan
10,https://www.geo.tv/category/world
11,https://www.geo.tv/category/sports
12,https://www.geo.tv/category/showbiz
13,https://www.geo.tv/category/entertainment
14,https://www.geo.tv/category/business
15,https://www.geo.tv/category/health
16,https://www.geo.tv/category/sci-tech
17,https://www.geo.tv/food
18,https://www.geo.tv/videos
19,https://www.geo.tv/tv-shows
20,http://asool.geo.tv
21,https://www.geo.tv/about-us
22,javascript:void(0)
23,https://www.geo.tv/
24,https://live.geo.tv/
25,https://www.geo.tv/
26,https://www.geo.tv/
27,https://live.geo.tv/
28,https://www.geo.tv/
29,https://www.geo.tv/latest-news
30,https://www.geo.tv/trending/coronavirus
31,https://www.geo.tv/category/pakistan
32,https://www.geo.tv/category/world
33,https://www.geo.tv/category/sports
34,https://www.geo.tv/category/showbiz
35,https://www.geo.tv/videos
36,https://www.geo.tv/category/entertainment
37,https://www.geo.tv/tv-shows
38,https://www.geo.tv/category/business
39,https://www.geo.tv/category/sci-tech
40,https://www.geo.tv/food
41,https://urdu.geo.tv
42,https://www.geo.tv/latest/393242-prince-william-kate-middleton-have-finally-accepted-their-broken-relationships
43,https://www.geo.tv/latest/393242-prince-william-kate-middleton-have-finally-accepted-their-broken-relationships
44,https://www.geo.tv/latest/393247-ali-zafar-and-gul-panras-track-larsha-pekhawar-becomes-most-watched-pakistani-song-of-2021
45,https://www.geo.tv/latest/393237-prince-andrew-accused-of-damaging-royal-family-beyond-repair-report
46,https://www.geo.tv/latest/393230-demi-lovato-unveils-first-ever-look-into-new-head-tattoo
47,https://www.geo.tv/latest/393241-queen-elizabeth-responds-to-public-outrage-in-prince-andrews-royal-title-row-hes-private
48,https://www.geo.tv/latest/393216-prince-william-prince-charles-incredibly-angry-at-prince-andrew-over-sex-abuse-case
49,https://www.geo.tv/latest/393233-meghans-father-claims-she-has-had-some-dealings-with-andrew-urges-her-to-help-us-cops-in-virginias-case
50,https://www.geo.tv/latest/393229-nick-cannon-reveals-truth-behind-lupus-battle-im-grateful
51,https://www.geo.tv/latest/393226-kim-kardashian-forgot-how-to-love-before-pete-davidson-relationship-source
52,https://www.geo.tv/latest/393220-rapper-young-dolphs-murder-suspects-arrested-indicted
53,https://www.geo.tv/latest/393212-megan-fox-machine-gun-kelly-copy-kourtney-kardashian-and-travis-barkers-proposal-think-fans
54,https://www.geo.tv/latest/393177-katy-perry-expresses-love-for-my-constant-compass-orlando-bloom
55,https://www.geo.tv/latest/393210-prince-andrew-could-raise-10m-from-swiss-chalet-to-settle-sex-abuse-case
56,https://www.geo.tv/latest/393204-kate-middletons-favorite-birthday-wish-was-from-a-little-angel
57,https://www.geo.tv/latest/393186-kim-kardashian-forgot-how-to-love-before-pete-davidson-relationship-source
58,https://www.geo.tv/latest/393189-cristiano-ronaldo-and-georgina-rodr√≠guez-fly-to-spanish-capital-for-dinner-date-on-private-jet
59,https://www.geo.tv/latest/393197-bts-rms-reaction-to-jungkooks-boxing-skill-leaves-internet-in-splits
60,https://www.geo.tv/latest/393190-kate-middleton-becoming-princess-of-wales-will-be-bittersweet-for-prince-william
61,https://www.geo.tv/latest/393175-kim-kardashian-puts-her-fit-physique-on-display-in-skin-tight-outfit
62,https://www.geo.tv/latest/393187-nicki-minajs-harassment-lawsuit-dismissed-sexual-assault-case-against-her-husband-continues
63,https://www.geo.tv/latest/393183-coachella-2022-line-up-unveiled-kanye-west-billie-eilish-and-harry-styles-to-headline-the-event
64,https://www.geo.tv/latest/393180-machine-gun-kelly-engagement-ring-to-megan-fox-symbolic-for-their-love
65,https://www.geo.tv/latest/393176-angelina-jolie-sends-christmas-gifts-to-ex-husband-billy-bob-thorntons-son
66,https://www.geo.tv/latest/393167-prince-harrys-move-to-step-down-as-a-royal-predicted-when-he-was-4
67,https://www.geo.tv/latest/393166-vanessa-bryant-shares-heartbreaking-throwback-video-singing-with-kobe-bryant
68,https://www.geo.tv/latest/393170-andrew-garfield-expresses-surprise-and-gratitude-amid-sag-2022-nomination
69,https://www.geo.tv/latest/393173-daniel-craig-was-offered-james-bon-by-chance-in-a-hotel
70,https://www.geo.tv/latest/393161-paris-hiltons-ex-joe-francis-accuses-her-of-beating-him
71,https://www.geo.tv/latest/393164-prince-harry-meghan-markle-woke-up-from-superstars-dream-after-prince-george-2020-photo
72,https://www.geo.tv/latest/393158-kim-kardashian-and-pete-davidson-look-cozy-amid-their-low-key-dinner-date
73,https://www.geo.tv/latest/393149-american-tiktoker-dead-after-partner-strangles-him-over-video-game
74,https://www.geo.tv/latest/393156-prince-andrew-unlikely-to-lose-royal-military-titles-amid-virginia-giuffre-case
75,https://www.geo.tv/latest/393152-prince-andrew-complainant-virginia-giuffre-pleased-duke-will-face-trial
76,https://www.geo.tv/latest/393148-rust-armorer-blames-alec-baldwin-for-fatal-shooting-for-this-reason
77,https://www.geo.tv/latest/393141-victoria-beckham-uplifts-her-mood-with-david-beckhams-handwritten-letter
78,https://www.geo.tv/latest/393111-pete-davidson-bags-a-role-in-james-demonacos-horror-thriller-the-home
79,https://www.geo.tv/latest/393137-queen-announces-buckingham-palace-party-on-lilibets-birthday
80,https://www.geo.tv/latest/393100-priyanka-chopra-drops-viral-picture-of-2-year-old-boy-watching-encanto
81,https://www.geo.tv/latest/393120-kim-kardashian-travis-barker-wish-megan-fox-machine-gun-kelly-on-their-engagement
82,https://www.geo.tv/latest/393091-kylie-jenner-becomes-queen-of-instagram-with-300-million-followers
83,https://www.geo.tv/latest/393116-lady-gaga-is-beyond-grateful-for-her-sag-award-2022-nomination-for-house-of-gucci
84,https://www.geo.tv/latest/393114-dwayne-johnson-gets-dethroned-by-cristiano-ronaldo-on-instagram-richlist
85,https://www.geo.tv/latest/393112-pete-davidson-in-line-for-oscar-hosting-debut-report
86,https://www.geo.tv/latest/393101-kirsten-dunst-says-her-up-side-down-smooch-in-spider-man-required-lot-of-studying
87,https://www.geo.tv/latest/393099-jason-momoa-lisa-bonet-end-their-marriage-after-5-years-we-free-each-other
88,https://www.geo.tv/latest/393095-megan-fox-machine-gun-kelly-drink-each-others-blood-to-seal-the-engagement-watch
89,https://www.geo.tv/latest/393093-jamie-lynn-spears-went-out-of-my-way-to-help-britney-spears-biggest-supporter
90,https://www.geo.tv/latest/393070-megan-fox-and-machine-gun-kelly-announce-their-engagement
91,https://www.geo.tv/latest/393069-prince-charles-cancels-his-burns-night-celebration
92,https://www.geo.tv/latest/393068-kate-middletons-birthday-portraits-called-stylised-and-unrealistic-by-former-minister
93,https://www.geo.tv/latest/393067-princes-andrew-fails-to-get-virginia-giuffres-lawsuit-dismissed
94,https://www.geo.tv/latest/393066-princess-eugenie-is-disliked-by-royals-for-leaking-information-to-prince-harry-and-meghan
95,https://www.geo.tv/latest/393063-key-nominations-for-the-2022-screen-actors-guild-awards
96,https://www.geo.tv/latest/393064-house-of-gucci-and-lady-gaga-land-sag-award-nominations
97,https://www.geo.tv/latest/393028-kate-middletons-fashion-choices-reveals-she-is-confident-self-assured
98,https://www.geo.tv/latest/393018-pressure-to-be-like-princess-diana-left-kate-middleton-daunted
99,https://www.geo.tv/latest/393016-katie-price-in-hot-waters-after-slew-of-ofcom-complaints-over-her-shameful-act
100,https://www.geo.tv/latest/393011-selena-gomez-responds-to-speculations-shes-dating-cara-delevingne
101,https://www.geo.tv/latest/393002-prince-andrew-was-aware-of-virginia-giuffre-being-trafficked-claims-reveal
102,
103,https://www.geo.tv/latest/393196-na-sesson-underway-on-mini-budget-amid-opposition-ruckus-protest
104,https://www.geo.tv/latest/393209-this-is-just-the-start-says-maryam-nawaz-while-taking-swipe-at-pm
105,https://www.geo.tv/latest/393119-ndma-responsible-for-murree-catastrophe-ihc
106,https://www.geo.tv/latest/393208-shafqat-mehmood-tests-positive-for-covid-19-again
107,https://www.geo.tv/latest/393185-imran-khan-is-my-leader-pervez-khattak-says-after-heated-argument-with-pm
108,
109,https://www.geo.tv/latest/393215-atif-aslam-and-aima-baig-to-sing-psl-2022-anthem
110,https://www.geo.tv/latest/393188-new-twist-as-former-pti-leader-in-uk-claims-he-gave-cash-to-hareem-shah-for-video
111,https://www.geo.tv/latest/393151-explainer-what-are-the-symptoms-of-the-omicron-variant
112,https://www.geo.tv/latest/393088-psl-anthem-unnecessary-aqib-javed-says-ahead-of-seventh-edition
113,https://www.geo.tv/latest/393155-the-trends-to-watch-in-2022
114,https://www.geo.tv/
115,https://www.geo.tv/latest-news
116,https://www.geo.tv/category/pakistan
117,https://www.geo.tv/category/world
118,https://www.geo.tv/category/sports
119,https://www.geo.tv/category/entertainment
120,https://www.geo.tv/category/business
121,https://www.geo.tv/category/health
122,https://www.geo.tv/category/amazing
123,https://www.geo.tv/category/sci-tech
124,https://www.geo.tv/category/life-style
125,https://www.geo.tv/tv-shows
126,https://www.geo.tv/videos
127,https://urdu.geo.tv/
128,https://live.geo.tv/
129,https://live.geo.tv/radio.php
130,https://www.geo.tv/about-us
131,https://www.geo.tv/schedule
132,https://www.geo.tv/privacy-policy-and-tos
133,https://www.geo.tv/ratecardonline
134,https://www.geo.tv/faq-distribution
135,https://www.geo.tv/corporate-profile
136,https://www.geo.tv/faq
137,https://www.geo.tv/faq#_
138,https://talent.geo.tv/
139,https://talent.geo.tv/
140,https://asool.geo.tv/
141,https://play.google.com/store/apps/details?id=com.snr
142,https://itunes.apple.com/cy/app/seenreport.geonews.iphone/id617329127
143,https://www.facebook.com/GeoEnglishdotTV/
144,https://twitter.com/geonews_english
145,https://www.youtube.com/user/geonews/
146,https://www.instagram.com/geonewsdottv/
