,jeo news videos
0,https://www.geo.tv/
1,https://www.geo.tv/
2,https://www.geo.tv/election/constituency
3,https://www.geo.tv/election/candidates
4,https://www.geo.tv/election/results
5,https://www.geo.tv/
6,http://urdu.geo.tv
7,https://www.geo.tv/latest-news
8,https://www.geo.tv/trending/coronavirus
9,https://www.geo.tv/category/pakistan
10,https://www.geo.tv/category/world
11,https://www.geo.tv/category/sports
12,https://www.geo.tv/category/showbiz
13,https://www.geo.tv/category/entertainment
14,https://www.geo.tv/category/business
15,https://www.geo.tv/category/health
16,https://www.geo.tv/category/sci-tech
17,https://www.geo.tv/food
18,https://www.geo.tv/videos
19,https://www.geo.tv/tv-shows
20,http://asool.geo.tv
21,https://www.geo.tv/about-us
22,javascript:void(0)
23,https://www.geo.tv/
24,https://live.geo.tv/
25,https://www.geo.tv/
26,https://www.geo.tv/
27,https://live.geo.tv/
28,https://www.geo.tv/
29,https://www.geo.tv/latest-news
30,https://www.geo.tv/trending/coronavirus
31,https://www.geo.tv/category/pakistan
32,https://www.geo.tv/category/world
33,https://www.geo.tv/category/sports
34,https://www.geo.tv/category/showbiz
35,https://www.geo.tv/videos
36,https://www.geo.tv/category/entertainment
37,https://www.geo.tv/tv-shows
38,https://www.geo.tv/category/business
39,https://www.geo.tv/category/sci-tech
40,https://www.geo.tv/food
41,https://urdu.geo.tv
42,https://www.geo.tv/shows/capital-talk/393254-why-opposition-is-failed-to-meet-the-numbers
43,https://www.geo.tv/shows/capital-talk/393254-why-opposition-is-failed-to-meet-the-numbers
44,https://www.geo.tv/shows/capital-talk/393252-news-of-pms-visit-to-parliament-and-irshad-bhattis-reply
45,https://www.geo.tv/shows/capital-talk/393252-news-of-pms-visit-to-parliament-and-irshad-bhattis-reply
46,https://www.geo.tv/shows/capital-talk/393251-was-there-a-bitter-exchange-between-the-prime-minister-and-pervez-khattak
47,https://www.geo.tv/shows/capital-talk/393251-was-there-a-bitter-exchange-between-the-prime-minister-and-pervez-khattak
48,https://www.geo.tv/shows/capital-talk/393253-258-billion-is-required-for-evm-was-the-governments-estimate-wrong
49,https://www.geo.tv/shows/capital-talk/393253-258-billion-is-required-for-evm-was-the-governments-estimate-wrong
50,https://www.geo.tv/shows/geo-headlines/393246-geo-headlines-11-pm-13th-january-2022
51,https://www.geo.tv/shows/geo-headlines/393246-geo-headlines-11-pm-13th-january-2022
52,https://www.geo.tv/shows/geo-headlines/393245-geo-headlines-10-pm-13th-january-2022
53,https://www.geo.tv/shows/geo-headlines/393245-geo-headlines-10-pm-13th-january-2022
54,https://www.geo.tv/shows/geo-bulletin/393243-geo-bulletin-09-pm-13th-january-2022
55,https://www.geo.tv/shows/geo-bulletin/393243-geo-bulletin-09-pm-13th-january-2022
56,https://www.geo.tv/shows/geo-headlines/393238-geo-headlines-09-pm-13th-january-2022
57,https://www.geo.tv/shows/geo-headlines/393238-geo-headlines-09-pm-13th-january-2022
58,https://www.geo.tv/shows/geo-headlines/393219-geo-headlines-08-pm-13th-january-2022
59,https://www.geo.tv/shows/geo-headlines/393219-geo-headlines-08-pm-13th-january-2022
60,https://www.geo.tv/shows/capital-talk/393255-capital-talk-13th-january-2022
61,https://www.geo.tv/shows/capital-talk/393255-capital-talk-13th-january-2022
62,https://www.geo.tv/shows/geo-headlines/393213-geo-headlines-07-pm-13th-january-2022
63,https://www.geo.tv/shows/geo-headlines/393213-geo-headlines-07-pm-13th-january-2022
64,https://www.geo.tv/shows/geo-headlines/393205-geo-headlines-06-pm-13th-january-202
65,https://www.geo.tv/shows/geo-headlines/393205-geo-headlines-06-pm-13th-january-202
66,https://www.geo.tv/shows/geo-headlines/393178-geo-news-headlines-05-pm-13th-january-2022
67,https://www.geo.tv/shows/geo-headlines/393178-geo-news-headlines-05-pm-13th-january-2022
68,https://www.geo.tv/shows/geo-headlines/393157-geo-news-headlines-04-pm-13th-january-2022
69,https://www.geo.tv/shows/geo-headlines/393157-geo-news-headlines-04-pm-13th-january-2022
70,https://www.geo.tv/shows/geo-bulletin/393154-geo-news-bulletin-03-pm-13th-jan-2022
71,https://www.geo.tv/shows/geo-bulletin/393154-geo-news-bulletin-03-pm-13th-jan-2022
72,https://www.geo.tv/shows/geo-headlines/393145-geo-news-headlines-03-pm-13th-january-2022
73,https://www.geo.tv/shows/geo-headlines/393145-geo-news-headlines-03-pm-13th-january-2022
74,https://www.geo.tv/shows/geo-pakistan/393133-usman-mirza-case-victim-backs-down-state-to-pursue-prosecution
75,https://www.geo.tv/shows/geo-pakistan/393133-usman-mirza-case-victim-backs-down-state-to-pursue-prosecution
76,https://www.geo.tv/shows/geo-pakistan/393132-british-pm-criticised-for-violating-covid-19-sanctions
77,https://www.geo.tv/shows/geo-pakistan/393132-british-pm-criticised-for-violating-covid-19-sanctions
78,https://www.geo.tv/videos/2
79,https://www.geo.tv/videos/3
80,https://www.geo.tv/videos/2
81,https://www.geo.tv/videos/23
82,#collapseOne
83,https://www.geo.tv/shows/geo-pakistan?vid=393129
84,https://www.geo.tv/shows/geo-pakistan?vid=393132
85,https://www.geo.tv/shows/geo-pakistan?vid=393133
86,https://www.geo.tv/shows/naya-pakistan?vid=392525
87,https://www.geo.tv/shows/jirga?vid=392518
88,#collapseTwo
89,https://www.geo.tv/shows/geo-giggles?vid=173085
90,https://www.geo.tv/shows/geo-giggles?vid=165436
91,https://www.geo.tv/shows/geo-giggles?vid=165374
92,https://www.geo.tv/shows/geo-giggles?vid=159791
93,https://www.geo.tv/shows/geo-giggles?vid=153797
94,https://www.geo.tv/shows/geo-giggles?vid=148208
95,https://www.geo.tv/
96,https://www.geo.tv/latest-news
97,https://www.geo.tv/category/pakistan
98,https://www.geo.tv/category/world
99,https://www.geo.tv/category/sports
100,https://www.geo.tv/category/entertainment
101,https://www.geo.tv/category/business
102,https://www.geo.tv/category/health
103,https://www.geo.tv/category/amazing
104,https://www.geo.tv/category/sci-tech
105,https://www.geo.tv/category/life-style
106,https://www.geo.tv/tv-shows
107,https://www.geo.tv/videos
108,https://urdu.geo.tv/
109,https://live.geo.tv/
110,https://live.geo.tv/radio.php
111,https://www.geo.tv/about-us
112,https://www.geo.tv/schedule
113,https://www.geo.tv/privacy-policy-and-tos
114,https://www.geo.tv/ratecardonline
115,https://www.geo.tv/faq-distribution
116,https://www.geo.tv/corporate-profile
117,https://www.geo.tv/faq
118,https://www.geo.tv/faq#_
119,https://talent.geo.tv/
120,https://talent.geo.tv/
121,https://asool.geo.tv/
122,https://play.google.com/store/apps/details?id=com.snr
123,https://itunes.apple.com/cy/app/seenreport.geonews.iphone/id617329127
124,https://www.facebook.com/GeoEnglishdotTV/
125,https://twitter.com/geonews_english
126,https://www.youtube.com/user/geonews/
127,https://www.instagram.com/geonewsdottv/
