,jeo sports news
0,https://www.geo.tv/
1,https://www.geo.tv/
2,https://www.geo.tv/election/constituency
3,https://www.geo.tv/election/candidates
4,https://www.geo.tv/election/results
5,https://www.geo.tv/
6,http://urdu.geo.tv
7,https://www.geo.tv/latest-news
8,https://www.geo.tv/trending/coronavirus
9,https://www.geo.tv/category/pakistan
10,https://www.geo.tv/category/world
11,https://www.geo.tv/category/sports
12,https://www.geo.tv/category/showbiz
13,https://www.geo.tv/category/entertainment
14,https://www.geo.tv/category/business
15,https://www.geo.tv/category/health
16,https://www.geo.tv/category/sci-tech
17,https://www.geo.tv/food
18,https://www.geo.tv/videos
19,https://www.geo.tv/tv-shows
20,http://asool.geo.tv
21,https://www.geo.tv/about-us
22,javascript:void(0)
23,https://www.geo.tv/
24,https://live.geo.tv/
25,https://www.geo.tv/
26,https://www.geo.tv/
27,https://live.geo.tv/
28,https://www.geo.tv/
29,https://www.geo.tv/latest-news
30,https://www.geo.tv/trending/coronavirus
31,https://www.geo.tv/category/pakistan
32,https://www.geo.tv/category/world
33,https://www.geo.tv/category/sports
34,https://www.geo.tv/category/showbiz
35,https://www.geo.tv/videos
36,https://www.geo.tv/category/entertainment
37,https://www.geo.tv/tv-shows
38,https://www.geo.tv/category/business
39,https://www.geo.tv/category/sci-tech
40,https://www.geo.tv/food
41,https://urdu.geo.tv
42,https://www.geo.tv/latest/393215-atif-aslam-and-aima-baig-to-sing-psl-2022-anthem
43,https://www.geo.tv/latest/393215-atif-aslam-and-aima-baig-to-sing-psl-2022-anthem
44,https://www.geo.tv/latest/393147-pm-imran-khan-to-attend-winter-olympics-opening-ceremony-in-beijing
45,https://www.geo.tv/latest/393088-psl-anthem-unnecessary-aqib-javed-says-ahead-of-seventh-edition
46,https://www.geo.tv/latest/393038-djokovic-admits-errors-as-he-fights-to-avoid-australian-deportation
47,https://www.geo.tv/latest/393007-friendly-match-between-yorkshire-country-club-lahore-qalandar-postponed
48,https://www.geo.tv/latest/392994-abid-ali-begins
49,https://www.geo.tv/latest/393008-mohammad-hafeez-shows-support-to-new-lq-skipper-shaheen-afridi
50,https://www.geo.tv/latest/392906-nostalgic-shahid-afridi-shares-pictures-from-nca
51,https://www.geo.tv/latest/392934-south-africa-all-rounder-chris-morris-calls-time-on-career
52,https://www.geo.tv/latest/392921-djokovic-admits-meeting-journalist-while-being-infected-with-covid-19
53,https://www.geo.tv/latest/392911-test-cricketer-yasir-shah-declared-innocent-in-rape-case-as-woman-retracts-statement
54,https://www.geo.tv/latest/392901-stubborn-with-litterers-wasim-akram-launches-cleanliness-drive-on-karachi-beach
55,https://www.geo.tv/latest/392903-how-much-can-you-buy-a-psl-7-match-ticket-for
56,https://www.geo.tv/latest/392849-kohli-and-rabada-fight-out-heavyweight-duel-in-series-deciding-test
57,https://www.geo.tv/latest/392816-turkish-defender-ahmet-calik-dies-at-27-in-car-crash
58,https://www.geo.tv/latest/392783-watch-ross-taylors-fairy-tale-finale-of-his-test-career
59,https://www.geo.tv/latest/392731-nz-vs-ban-taylors-final-test-wicket-seals-new-zealand-victory
60,https://www.geo.tv/latest/392751-pcb-to-put-up-psl-2022-tickets-on-sale-today-at-3pm
61,https://www.geo.tv/latest/392742-watch-haris-rauf-celebrates-perth-scorchers-wicket-with-meaningful-gesture
62,https://www.geo.tv/latest/392712-breaking-news-pcb-chairman-plans-to-propose-quadrangular-t20-series-involving-india
63,https://www.geo.tv/latest/392695-protocols-decided-for-conduct-of-psl7
64,https://www.geo.tv/latest/392664-djokovic-says-focused-on-australian-open-after-overturning-visa-cancellation
65,https://www.geo.tv/latest/392636-shahid-afridi-shows-concern-over-increasing-use-of-drugs-among-youth-in-society
66,https://www.geo.tv/latest/392565-australian-court-orders-djokovic-be-released-from-immigration-detention
67,https://www.geo.tv/latest/392573-shoaib-malik-inaugurates-his-restaurant-in-lahore
68,https://www.geo.tv/latest/392577-watch-how-are-sania-mirzas-mondays
69,https://www.geo.tv/latest/392575-please-pray-for-me-waqar-younis-to-undergo-surgery
70,https://www.geo.tv/latest/392534-u19-world-cup-afghanistans-participation-in-doubt
71,https://www.geo.tv/latest/392515-hassan-ali-appeals-to-masses-not-to-share-videos-images-of-murree-incident
72,https://www.geo.tv/latest/392509-pm-imran-khan-awarded-international-sports-personality
73,https://www.geo.tv/latest/392440-cousin-denied-me-joggers-babar-azam-speaks-about-early-career-struggles
74,https://www.geo.tv/latest/392429-the-ashes-england-avoid-whitewash-after-surviving-in-fourth-test-with-australia
75,https://www.geo.tv/latest/392398-novak-djokovics-covid-19-vaccine-status-controversy-timeline
76,https://www.geo.tv/latest/392334-psl-2022-franchises-make-their-picks-for-players-in-supplementary-draft
77,https://www.geo.tv/latest/392331-sania-mirza-shares-adorable-selfie-on-instagram
78,https://www.geo.tv/latest/392290-david-warner-shares-how-hurt-he-is-on-being-dropped-as-sunrisers-hyderabad-captain
79,https://www.geo.tv/latest/392287-murree-shahid-afridi-expresses-condolence-says-govt-made-inadequate-arrangements
80,https://www.geo.tv/latest/392257-psl-7-supplementary-and-replacement-draft-today
81,https://www.geo.tv/latest/392157-love-from-across-the-border-ms-dhoni-sends-signed-ipl-jersey-to-haris-rauf
82,https://www.geo.tv/latest/392149-pakistan-womens-cricket-team-coach-david-hemp-tests-positive-for-covid-19
83,https://www.geo.tv/latest/392131-sania-mirza-nadiia-kichenok-lose-womens-doubles-semi-finals-at-adelaide-international
84,https://www.geo.tv/latest/392130-psl-2022-is-shoaib-malik-singing-peshawar-zalmi-anthem
85,https://www.geo.tv/latest/392074-what-babar-azams-father-had-to-say-after-skipper-won-pcbs-top-cricketer-award
86,https://www.geo.tv/latest/392067-the-ashes-ben-stokes-survives-as-bails-stay-intact
87,https://www.geo.tv/latest/392047-psl-7-how-do-inzamam-wahab-see-shaheens-appointment-as-qalandars-skipper
88,https://www.geo.tv/latest/392043-imran-khan-retired-from-test-cricket-on-this-day-see-top-records
89,https://www.geo.tv/latest/392039-abid-ali-to-travel-to-lahore-today-after-successful-rehab
90,https://www.geo.tv/latest/392033-ptv-fails-to-submit-details-of-ary-deal-to-lhc-in-psl-rights-case
91,https://www.geo.tv/latest/392001-djokovic-wins-deportation-delay-after-australia-cancels-visa
92,https://www.geo.tv/latest/391999-pakistan-cricket-team-to-get-booster-shots-as-covid-19-cases-surge-in-country
93,https://www.geo.tv/latest/391955-south-africa-beat-india-in-second-test-to-square-series
94,https://www.geo.tv/latest/391904-nadal-feels-sorry-for-djokovic-as-serb-denied-entry-in-australia
95,https://www.geo.tv/latest/391947-rizwan-babar-shaheen-bag-pcb-award-2021
96,https://www.geo.tv/latest/391893-psl-2022-inzamam-ul-haq-appointed-peshawar-zalmi-president
97,https://www.geo.tv/latest/391873-test
98,https://www.geo.tv/latest/391848-cheers-erupts
99,https://www.geo.tv/latest/391822-outcry-as-australia-bars-djokovic-over-vaccination-status
100,https://www.geo.tv/latest/391813-kohli-is-now-below-babar-across-all-three-formats
101,https://www.geo.tv/latest/391797-james-anderson-became-2nd-player-to-play-most-test-matches
102,
103,https://www.geo.tv/latest/393196-na-sesson-underway-on-mini-budget-amid-opposition-ruckus-protest
104,https://www.geo.tv/latest/393209-this-is-just-the-start-says-maryam-nawaz-while-taking-swipe-at-pm
105,https://www.geo.tv/latest/393119-ndma-responsible-for-murree-catastrophe-ihc
106,https://www.geo.tv/latest/393208-shafqat-mehmood-tests-positive-for-covid-19-again
107,https://www.geo.tv/latest/393185-imran-khan-is-my-leader-pervez-khattak-says-after-heated-argument-with-pm
108,
109,https://www.geo.tv/latest/393215-atif-aslam-and-aima-baig-to-sing-psl-2022-anthem
110,https://www.geo.tv/latest/393188-new-twist-as-former-pti-leader-in-uk-claims-he-gave-cash-to-hareem-shah-for-video
111,https://www.geo.tv/latest/393151-explainer-what-are-the-symptoms-of-the-omicron-variant
112,https://www.geo.tv/latest/393088-psl-anthem-unnecessary-aqib-javed-says-ahead-of-seventh-edition
113,https://www.geo.tv/latest/393155-the-trends-to-watch-in-2022
114,https://www.geo.tv/
115,https://www.geo.tv/latest-news
116,https://www.geo.tv/category/pakistan
117,https://www.geo.tv/category/world
118,https://www.geo.tv/category/sports
119,https://www.geo.tv/category/entertainment
120,https://www.geo.tv/category/business
121,https://www.geo.tv/category/health
122,https://www.geo.tv/category/amazing
123,https://www.geo.tv/category/sci-tech
124,https://www.geo.tv/category/life-style
125,https://www.geo.tv/tv-shows
126,https://www.geo.tv/videos
127,https://urdu.geo.tv/
128,https://live.geo.tv/
129,https://live.geo.tv/radio.php
130,https://www.geo.tv/about-us
131,https://www.geo.tv/schedule
132,https://www.geo.tv/privacy-policy-and-tos
133,https://www.geo.tv/ratecardonline
134,https://www.geo.tv/faq-distribution
135,https://www.geo.tv/corporate-profile
136,https://www.geo.tv/faq
137,https://www.geo.tv/faq#_
138,https://talent.geo.tv/
139,https://talent.geo.tv/
140,https://asool.geo.tv/
141,https://play.google.com/store/apps/details?id=com.snr
142,https://itunes.apple.com/cy/app/seenreport.geonews.iphone/id617329127
143,https://www.facebook.com/GeoEnglishdotTV/
144,https://twitter.com/geonews_english
145,https://www.youtube.com/user/geonews/
146,https://www.instagram.com/geonewsdottv/
