,jeo world news
0,https://www.geo.tv/
1,https://www.geo.tv/
2,https://www.geo.tv/election/constituency
3,https://www.geo.tv/election/candidates
4,https://www.geo.tv/election/results
5,https://www.geo.tv/
6,http://urdu.geo.tv
7,https://www.geo.tv/latest-news
8,https://www.geo.tv/trending/coronavirus
9,https://www.geo.tv/category/pakistan
10,https://www.geo.tv/category/world
11,https://www.geo.tv/category/sports
12,https://www.geo.tv/category/showbiz
13,https://www.geo.tv/category/entertainment
14,https://www.geo.tv/category/business
15,https://www.geo.tv/category/health
16,https://www.geo.tv/category/sci-tech
17,https://www.geo.tv/food
18,https://www.geo.tv/videos
19,https://www.geo.tv/tv-shows
20,http://asool.geo.tv
21,https://www.geo.tv/about-us
22,javascript:void(0)
23,https://www.geo.tv/
24,https://live.geo.tv/
25,https://www.geo.tv/
26,https://www.geo.tv/
27,https://live.geo.tv/
28,https://www.geo.tv/
29,https://www.geo.tv/latest-news
30,https://www.geo.tv/trending/coronavirus
31,https://www.geo.tv/category/pakistan
32,https://www.geo.tv/category/world
33,https://www.geo.tv/category/sports
34,https://www.geo.tv/category/showbiz
35,https://www.geo.tv/videos
36,https://www.geo.tv/category/entertainment
37,https://www.geo.tv/tv-shows
38,https://www.geo.tv/category/business
39,https://www.geo.tv/category/sci-tech
40,https://www.geo.tv/food
41,https://urdu.geo.tv
42,https://www.geo.tv/latest/393165-pm-boris-johnson-makes-british-pakistani-lord-trade-envoy-to-singapore
43,https://www.geo.tv/latest/393165-pm-boris-johnson-makes-british-pakistani-lord-trade-envoy-to-singapore
44,https://www.geo.tv/latest/393092-biden-imposes-first-sanctions-over-north-korea-weapons-program-after-missile-tests
45,https://www.geo.tv/latest/393062-iran-sends-french-iranian-academic-back-to-prison-supporters
46,https://www.geo.tv/latest/393031-man-sets-slow-internet-on-fire-sentenced-to-seven-years-in-jail
47,https://www.geo.tv/latest/392971-the-curious-case-of-a-cereal-burglar-thief-cooks-khichdi-in-middle-of-burglary
48,https://www.geo.tv/latest/393038-djokovic-admits-errors-as-he-fights-to-avoid-australian-deportation
49,https://www.geo.tv/latest/393048-cambodias-landmine-sniffing-hero-rat-magawa-dies-in-retirement
50,https://www.geo.tv/latest/393009-watch-traffic-halts-as-python-crosses-busy-road
51,https://www.geo.tv/latest/393015-pakistan-strongly-condemns-hijacking-of-uae-flagged-cargo-vessel
52,https://www.geo.tv/latest/392991-chinese-woman-stuck-in-blind-dates-house-after-city-lockdown
53,https://www.geo.tv/latest/392988-uk-pm-johnson-apologises-for-attending-lockdown-party
54,https://www.geo.tv/latest/392956-chinese-cities-battle-covid-19-as-winter-olympics-loom
55,https://www.geo.tv/latest/392936-around-70-south-korean-execs-contract-covid-after-las-vegas-tech-trade-show
56,https://www.geo.tv/latest/392886-iran-nuclear-talks-proceeding-too-slowly-says-france
57,https://www.geo.tv/latest/392869-fauci-slams-senator-for-death-threats-as-us-hospitalizations-hit-record
58,https://www.geo.tv/latest/392849-kohli-and-rabada-fight-out-heavyweight-duel-in-series-deciding-test
59,https://www.geo.tv/latest/392864-groom-divorces-bride-for-dancing-on-provocative-song-during-wedding-ceremony
60,https://www.geo.tv/latest/392832-indian-man-cheats-vaccine-system-by-getting-12-jabs
61,https://www.geo.tv/latest/392818-ridiculous-name-a-man-names-his-son-after-his-workplace
62,https://www.geo.tv/latest/392878-pp-mpa-abducted-by-al-qaeda-made-peace-ambassador-by-ngo
63,https://www.geo.tv/latest/392783-watch-ross-taylors-fairy-tale-finale-of-his-test-career
64,https://www.geo.tv/latest/392840-a-us-teacher-allegedly-placed-her-covid-19-positive-son-in-a-car-boot
65,https://www.geo.tv/latest/392838-too-soon-to-treat-covid-19-like-flu-as-omicron-spreads-who
66,https://www.geo.tv/latest/392812-hong-kong-unveils-further-steps-to-curb-covid-19-spread-boost-vaccinations
67,https://www.geo.tv/latest/392828-new-jersey-senate-us-presidents-attention-towards-sikh-genocide-in-india
68,https://www.geo.tv/latest/392795-a-million-set-to-throng-indias-ganges-for-holy-dip-despite-covid-19
69,https://www.geo.tv/latest/392708-us-reports-at-least-11-million-covid-cases-in-a-day-shattering-global-record
70,https://www.geo.tv/latest/392703-us-issues-do-not-travel-advisory-for-canada
71,https://www.geo.tv/latest/392693-covid-19-restrictions-further-tightened-in-italy
72,https://www.geo.tv/latest/392618-cluster-of-covid-19-cases-china-aims-to-test-14-million-residents-of-tianjin
73,https://www.geo.tv/latest/392652-can-goldfish-drive-heres-what-israeli-researchers-have-found
74,https://www.geo.tv/latest/392655-a-creepy-clown-instructs-3-year-old-boy-to-kill-his-family-in-youtube-video
75,https://www.geo.tv/latest/392633-gujarat-pet-lion-mauls-11-year-old-boys-arm-severely-injuring-him
76,https://www.geo.tv/latest/392664-djokovic-says-focused-on-australian-open-after-overturning-visa-cancellation
77,https://www.geo.tv/latest/392648-pakistans-most-wanted-terrorist-muhammad-khorasani-killed-in-afghanistan
78,https://www.geo.tv/latest/392634-deltacron-experts-say-new-variant-may-be-a-result-of-lab-contamination
79,https://www.geo.tv/latest/392621-myanmars-suu-kyi-hit-with-new-convictions-four-year-jail-term
80,https://www.geo.tv/latest/392608-plane-hit-by-train-after-crashing-on-train-tracks-in-california
81,https://www.geo.tv/latest/392578-the-khalistan-movement-one-to-watch
82,https://www.geo.tv/latest/392536-more-than-160-reported-dead-in-kazakhstan-unrest
83,https://www.geo.tv/latest/392507-womens-camel-beauty-contest-makes-debut-in-saudi
84,https://www.geo.tv/latest/392476-kazakhstan-says-situation-stabilised-president-firmly-in-charge-after-unrest
85,https://www.geo.tv/latest/392433-india-imposes-restrictions-in-several-states-as-covid-19-cases-rise
86,https://www.geo.tv/latest/392423-baby-lost-in-chaos-of-afghanistan-airlift-found-returned-to-family
87,https://www.geo.tv/latest/392386-brazil-cliff-collapse-kills-at-least-six
88,https://www.geo.tv/latest/392377-us-ready-to-talk-missiles-military-exercises-with-russia-whouse-official
89,https://www.geo.tv/latest/392365-djokovic-lawyers-say-positive-covid-19-test-cleared-way-for-vaccine-exemption
90,https://www.geo.tv/latest/392302-indian-govt-allows-mother-teresa-charity-access-to-foreign-funds
91,https://www.geo.tv/latest/392296-kazakhstans-ex-security-chief-arrested-as-former-soviet-republic-cracks-down-on-unrest
92,https://www.geo.tv/latest/392284-rapid-nose-swab-tests-for-covid-may-not-detect-omicron-quickly-enough-expert-says
93,https://www.geo.tv/latest/392224-omicron-surge-pushes-us-covid-hospitalisations-toward-record-high
94,https://www.geo.tv/latest/392219-pfizer-vaccine-protects-children-against-rare-covid-19-complication-cdc
95,https://www.geo.tv/latest/392152-watch-handcuffed-prisoner-jumps-off-moving-police-van
96,https://www.geo.tv/latest/392162-idiots-justin-trudeau-flares-up-on-maskless-influencers-partying-on-plane
97,https://www.geo.tv/latest/392185-magnitude-63-earthquake-strikes-northern-qinghai-china-emsc
98,https://www.geo.tv/latest/392137-japanese-billionaire-shares-his-experience-of-space-going-to-space-makes-you-obsessed-with-earth
99,https://www.geo.tv/latest/392120-man-goes-viral-for-his-interesting-name-kovid-kapoor
100,https://www.geo.tv/latest/392140-uae-formally-shifts-to-saturday-sunday-weekend
101,https://www.geo.tv/latest/392113-dog-custody-spain-to-consider-pets-welfare-in-divorce-battles
102,
103,https://www.geo.tv/latest/393196-na-sesson-underway-on-mini-budget-amid-opposition-ruckus-protest
104,https://www.geo.tv/latest/393209-this-is-just-the-start-says-maryam-nawaz-while-taking-swipe-at-pm
105,https://www.geo.tv/latest/393119-ndma-responsible-for-murree-catastrophe-ihc
106,https://www.geo.tv/latest/393208-shafqat-mehmood-tests-positive-for-covid-19-again
107,https://www.geo.tv/latest/393185-imran-khan-is-my-leader-pervez-khattak-says-after-heated-argument-with-pm
108,
109,https://www.geo.tv/latest/393215-atif-aslam-and-aima-baig-to-sing-psl-2022-anthem
110,https://www.geo.tv/latest/393188-new-twist-as-former-pti-leader-in-uk-claims-he-gave-cash-to-hareem-shah-for-video
111,https://www.geo.tv/latest/393151-explainer-what-are-the-symptoms-of-the-omicron-variant
112,https://www.geo.tv/latest/393088-psl-anthem-unnecessary-aqib-javed-says-ahead-of-seventh-edition
113,https://www.geo.tv/latest/393155-the-trends-to-watch-in-2022
114,https://www.geo.tv/
115,https://www.geo.tv/latest-news
116,https://www.geo.tv/category/pakistan
117,https://www.geo.tv/category/world
118,https://www.geo.tv/category/sports
119,https://www.geo.tv/category/entertainment
120,https://www.geo.tv/category/business
121,https://www.geo.tv/category/health
122,https://www.geo.tv/category/amazing
123,https://www.geo.tv/category/sci-tech
124,https://www.geo.tv/category/life-style
125,https://www.geo.tv/tv-shows
126,https://www.geo.tv/videos
127,https://urdu.geo.tv/
128,https://live.geo.tv/
129,https://live.geo.tv/radio.php
130,https://www.geo.tv/about-us
131,https://www.geo.tv/schedule
132,https://www.geo.tv/privacy-policy-and-tos
133,https://www.geo.tv/ratecardonline
134,https://www.geo.tv/faq-distribution
135,https://www.geo.tv/corporate-profile
136,https://www.geo.tv/faq
137,https://www.geo.tv/faq#_
138,https://talent.geo.tv/
139,https://talent.geo.tv/
140,https://asool.geo.tv/
141,https://play.google.com/store/apps/details?id=com.snr
142,https://itunes.apple.com/cy/app/seenreport.geonews.iphone/id617329127
143,https://www.facebook.com/GeoEnglishdotTV/
144,https://twitter.com/geonews_english
145,https://www.youtube.com/user/geonews/
146,https://www.instagram.com/geonewsdottv/
