,news Agency Link
0,https://knoema.com
1,
2,https://business.knoema.com/data-hub-overview
3,https://business.knoema.com/capabilities-for-data-consumers
4,https://business.knoema.com/capabilities-for-hub-managers
5,
6,https://business.knoema.com/financial-markets
7,https://business.knoema.com/reporting
8,https://business.knoema.com/workflow-automation
9,
10,https://business.knoema.com/data/catalog
11,https://business.knoema.com/data/global-data
12,https://business.knoema.com/data/providers
13,
14,https://business.knoema.com/insights/data-driven
15,https://business.knoema.com/insights/data-brief
16,https://business.knoema.com/insights/blog
17,https://business.knoema.com/insights/newsletter-sign-up-page
18,https://knoema.com/atlas?headers=User-Agent
19,https://knoema.de/atlas?headers=User-Agent
20,https://ar.knoema.com/atlas?headers=User-Agent
21,https://pt.knoema.com/atlas?headers=User-Agent
22,https://knoema.ru/atlas?headers=User-Agent
23,https://knoema.es/atlas?headers=User-Agent
24,https://hi.knoema.com/atlas?headers=User-Agent
25,https://jp.knoema.com/atlas?headers=User-Agent
26,https://knoema.fr/atlas?headers=User-Agent
27,https://cn.knoema.com/atlas?headers=User-Agent
28,
29,https://knoema.com/sys/login?returnUrl=%2Fatlas%3Fheaders%3DUser-Agent
30,/atlas/matrix
31,https://knoema.com/EQXSTAT2021/elite-quality-index
32,http://databulletin.knoema.com
33,/atlas
34,/atlas/sources
35,/atlas/groups
36,/atlas/maps
37,/atlas/ranks
38,/atlas/commodities
39,/atlas/topics
40,https://knoema.com/atlas/topics/Agriculture
41,https://knoema.com/atlas/topics/Crime-Statistics
42,https://knoema.com/atlas/topics/Demographics
43,https://knoema.com/atlas/topics/Economy
44,https://knoema.com/atlas/topics/Education
45,https://knoema.com/atlas/topics/Energy
46,https://knoema.com/atlas/topics/Environment
47,https://knoema.com/atlas/topics/Food-Security
48,https://knoema.com/atlas/topics/Foreign-Trade
49,https://knoema.com/atlas/topics/Health
50,https://knoema.com/atlas/topics/Land-Use
51,https://knoema.com/atlas/topics/National-Defense
52,https://knoema.com/atlas/topics/Poverty
53,https://knoema.com/atlas/topics/Research-and-Development
54,https://knoema.com/atlas/topics/Telecommunication
55,https://knoema.com/atlas/topics/Tourism
56,https://knoema.com/atlas/topics/Transportation
57,https://knoema.com/atlas/topics/Water
58,https://knoema.com/atlas/topics/World-Rankings
59,/atlas/United-States-of-America
60,/atlas/China
61,/atlas/Japan
62,/atlas/Germany
63,/atlas/France
64,/atlas/Brazil
65,/atlas/United-Kingdom
66,/atlas/Italy
67,/atlas/Russian-Federation
68,/atlas/India
69,/atlas/Canada
70,/atlas/Spain
71,/atlas/Australia
72,/atlas/Mexico
73,/atlas/Republic-of-Korea
74,/atlas/Indonesia
75,/atlas/South-Africa
76,/atlas/World
77,#A
78,#B
79,#C
80,#D
81,#E
82,#F
83,#G
84,#H
85,#I
86,#J
87,#K
88,#L
89,#M
90,#N
91,#O
92,#P
93,#Q
94,#R
95,#S
96,#T
97,#U
98,#V
99,#Y
100,#Z
101,/atlas/Afghanistan
102,/atlas/Albania
103,/atlas/Algeria
104,/atlas/Andorra
105,/atlas/Angola
106,/atlas/Antigua-and-Barbuda
107,/atlas/Argentina
108,/atlas/Armenia
109,/atlas/Australia
110,/atlas/Austria
111,/atlas/Azerbaijan
112,/atlas/Bahamas
113,/atlas/Bahrain
114,/atlas/Bangladesh
115,/atlas/Barbados
116,/atlas/Belarus
117,/atlas/Belgium
118,/atlas/Belize
119,/atlas/Benin
120,/atlas/Bhutan
121,/atlas/Bolivia
122,/atlas/Bosnia-and-Herzegovina
123,/atlas/Botswana
124,/atlas/Brazil
125,/atlas/Brunei-Darussalam
126,/atlas/Bulgaria
127,/atlas/Burkina-Faso
128,/atlas/Burundi
129,/atlas/Cabo-Verde
130,/atlas/Cambodia
131,/atlas/Cameroon
132,/atlas/Canada
133,/atlas/Central-African-Republic
134,/atlas/Chad
135,/atlas/Chile
136,/atlas/China
137,/atlas/Colombia
138,/atlas/Comoros
139,/atlas/Congo
140,/atlas/Costa-Rica
141,/atlas/C%c3%b4te-dIvoire
142,/atlas/Croatia
143,/atlas/Cuba
144,/atlas/Cyprus
145,/atlas/Czech-Republic
146,/atlas/Democratic-Peoples-Republic-of-Korea
147,/atlas/Democratic-Republic-of-the-Congo
148,/atlas/Denmark
149,/atlas/Djibouti
150,/atlas/Dominica
151,/atlas/Dominican-Republic
152,/atlas/Ecuador
153,/atlas/Egypt
154,/atlas/El-Salvador
155,/atlas/Equatorial-Guinea
156,/atlas/Eritrea
157,/atlas/Estonia
158,/atlas/Eswatini
159,/atlas/Ethiopia
160,/atlas/Falkland-Islands
161,/atlas/Fiji
162,/atlas/Finland
163,/atlas/France
164,/atlas/Gabon
165,/atlas/Gambia
166,/atlas/Georgia
167,/atlas/Germany
168,/atlas/Ghana
169,/atlas/Greece
170,/atlas/Grenada
171,/atlas/Guatemala
172,/atlas/Guinea
173,/atlas/Guinea-Bissau
174,/atlas/Guyana
175,/atlas/Haiti
176,/atlas/Honduras
177,/atlas/Hong-Kong
178,/atlas/Hungary
179,/atlas/Iceland
180,/atlas/India
181,/atlas/Indonesia
182,/atlas/Iran
183,/atlas/Iraq
184,/atlas/Ireland
185,/atlas/Israel
186,/atlas/Italy
187,/atlas/Jamaica
188,/atlas/Japan
189,/atlas/Jordan
190,/atlas/Kazakhstan
191,/atlas/Kenya
192,/atlas/Kiribati
193,/atlas/Kuwait
194,/atlas/Kyrgyzstan
195,/atlas/Lao-Peoples-Democratic-Republic
196,/atlas/Latvia
197,/atlas/Lebanon
198,/atlas/Lesotho
199,/atlas/Liberia
200,/atlas/Libya
201,/atlas/Liechtenstein
202,/atlas/Lithuania
203,/atlas/Luxembourg
204,/atlas/Macau
205,/atlas/Madagascar
206,/atlas/Malawi
207,/atlas/Malaysia
208,/atlas/Maldives
209,/atlas/Mali
210,/atlas/Malta
211,/atlas/Marshall-Islands
212,/atlas/Mauritania
213,/atlas/Mauritius
214,/atlas/Mexico
215,/atlas/Micronesia-Federated-States-of
216,/atlas/Monaco
217,/atlas/Mongolia
218,/atlas/Montenegro
219,/atlas/Morocco
220,/atlas/Mozambique
221,/atlas/Myanmar
222,/atlas/Namibia
223,/atlas/Nauru
224,/atlas/Nepal
225,/atlas/Netherlands
226,/atlas/New-Zealand
227,/atlas/Nicaragua
228,/atlas/Niger
229,/atlas/Nigeria
230,/atlas/North-Macedonia
231,/atlas/Norway
232,/atlas/Oman
233,/atlas/Pakistan
234,/atlas/Palau
235,/atlas/Palestine
236,/atlas/Panama
237,/atlas/Papua-New-Guinea
238,/atlas/Paraguay
239,/atlas/Peru
240,/atlas/Philippines
241,/atlas/Poland
242,/atlas/Portugal
243,/atlas/Puerto-Rico
244,/atlas/Qatar
245,/atlas/Republic-of-Korea
246,/atlas/Republic-of-Moldova
247,/atlas/Romania
248,/atlas/Russian-Federation
249,/atlas/Rwanda
250,/atlas/Saint-Kitts-and-Nevis
251,/atlas/Saint-Lucia
252,/atlas/Saint-Vincent-and-the-Grenadines
253,/atlas/Samoa
254,/atlas/San-Marino
255,/atlas/Sao-Tome-and-Principe
256,/atlas/Saudi-Arabia
257,/atlas/Senegal
258,/atlas/Serbia
259,/atlas/Seychelles
260,/atlas/Sierra-Leone
261,/atlas/Singapore
262,/atlas/Slovakia
263,/atlas/Slovenia
264,/atlas/Solomon-Islands
265,/atlas/Somalia
266,/atlas/South-Africa
267,/atlas/South-Sudan
268,/atlas/Spain
269,/atlas/Sri-Lanka
270,/atlas/Sudan
271,/atlas/Suriname
272,/atlas/Sweden
273,/atlas/Switzerland
274,/atlas/Syrian-Arab-Republic
275,/atlas/Taiwan-Province-of-China
276,/atlas/Tajikistan
277,/atlas/Thailand
278,/atlas/Timor-Leste
279,/atlas/Togo
280,/atlas/Tonga
281,/atlas/Trinidad-and-Tobago
282,/atlas/Tunisia
283,/atlas/Turkey
284,/atlas/Turkmenistan
285,/atlas/Tuvalu
286,/atlas/Uganda
287,/atlas/Ukraine
288,/atlas/United-Arab-Emirates
289,/atlas/United-Kingdom
290,/atlas/United-Republic-of-Tanzania
291,/atlas/United-States-of-America
292,/atlas/Uruguay
293,/atlas/Uzbekistan
294,/atlas/Vanuatu
295,/atlas/Venezuela-Bolivarian-Republic-of
296,/atlas/Viet-Nam
297,/atlas/Yemen
298,/atlas/Zambia
299,/atlas/Zimbabwe
300,https://twitter.com/knoema
301,https://www.facebook.com/knoema.co
302,https://www.linkedin.com/company/knoema/
303,https://business.knoema.com/about-knoema
304,https://business.knoema.com/about-team
305,https://knoema.bamboohr.com/jobs/
306,http://help.knoema.com
307,/products/business/contact/us?returnUrl=%2Fatlas%3Fheaders%3DUser-Agent
308,https://business.knoema.com/terms-of-use
309,https://business.knoema.com/privacy-policy
310,/subscribetomailchimp
311,/legal/PrivacyPolicy
