,VOX news
0,#content
1,/
2,http://vox.com/pages/support-now?itm_campaign=contribute&itm_medium=site&itm_source=navigation
3,http://vox.com/pages/newsletters/?itm_campaign=contribute&itm_medium=site&itm_source=navigation
4,https://www.vox.com/biden-administration
5,https://www.vox.com/coronavirus-covid19/
6,/recode
7,https://www.vox.com/the-goods
8,https://www.vox.com/future-perfect
9,https://www.vox.com/the-highlight
10,https://www.vox.com/21523212/crossword-puzzles-free-daily-printable
11,/pages/podcasts
12,/videos
13,/explainers
14,/culture
15,/policy-and-politics
16,/science-and-health
17,/world
18,/technology
19,/energy-and-environment
20,/business-and-finance
21,
22,https://www.vox.com/biden-administration
23,https://www.vox.com/coronavirus-covid19/
24,/recode
25,https://www.vox.com/the-goods
26,https://www.vox.com/future-perfect
27,https://www.vox.com/the-highlight
28,https://www.vox.com/21523212/crossword-puzzles-free-daily-printable
29,/pages/podcasts
30,/videos
31,/explainers
32,/culture
33,/policy-and-politics
34,/science-and-health
35,/world
36,/technology
37,/energy-and-environment
38,/business-and-finance
39,https://www.vox.com/22879991/election-subversion-voting-rights-us-elections-democracy
40,https://www.vox.com/22879991/election-subversion-voting-rights-us-elections-democracy
41,https://www.vox.com/authors/fabiola-cineas
42,
43,https://www.vox.com/recode/22836368/amazon-antitrust-ftc-marketplace
44,https://www.vox.com/recode/22836368/amazon-antitrust-ftc-marketplace
45,https://www.vox.com/authors/sara-morrison
46,
47,https://www.vox.com/2022/1/13/22876492/texas-omicron-hospitalizations-covid-icu-testing-vaccine
48,https://www.vox.com/2022/1/13/22876492/texas-omicron-hospitalizations-covid-icu-testing-vaccine
49,https://www.vox.com/authors/nicole-narea
50,
51,https://www.vox.com/22820558/covid-pandemic-books-movies-syllabus-station-eleven
52,https://www.vox.com/22820558/covid-pandemic-books-movies-syllabus-station-eleven
53,https://www.vox.com/authors/alissa-wilkinson
54,
55,https://www.vox.com/future-perfect/22872438/covax-omicron-covid-19-vaccine-global-inequity
56,https://www.vox.com/future-perfect/22872438/covax-omicron-covid-19-vaccine-global-inequity
57,https://www.vox.com/authors/muizz-akhtar
58,
59,https://www.vox.com/down-to-earth/22877262/seeds-plants-animals-climate-migration
60,https://www.vox.com/down-to-earth/22877262/seeds-plants-animals-climate-migration
61,https://www.vox.com/authors/benji-jones
62,
63,https://www.vox.com/the-goods/22870250/nft-beanie-baby-price-guide-bubble-princess-value
64,https://www.vox.com/the-goods/22870250/nft-beanie-baby-price-guide-bubble-princess-value
65,https://www.vox.com/authors/emily-stewart
66,
67,https://www.vox.com/the-goods/22880345/pandemic-shopper-convenience-instant-delivery
68,https://www.vox.com/the-goods/22880345/pandemic-shopper-convenience-instant-delivery
69,https://www.vox.com/authors/terry-nguyen
70,
71,https://itunes.apple.com/us/podcast/today-explained/id1346207297?mt=2
72,https://www.stitcher.com/podcast/stitcher/today-explained
73,https://open.spotify.com/show/3pXx5SXzXwJxnf4A5pWN2A
74,https://www.vox.com/2020/4/8/21212928/voxs-audience-support-program-explained
75,https://www.vox.com/2020/4/8/21212928/voxs-audience-support-program-explained
76,https://www.vox.com/authors/vox-staff
77,
78,https://www.vox.com/the-goods/22877222/omicron-variant-economy-gdp-jobs-covid
79,https://www.vox.com/the-goods/22877222/omicron-variant-economy-gdp-jobs-covid
80,https://www.vox.com/authors/emily-stewart
81,
82,https://www.vox.com/future-perfect/22878118/jury-duty-citizens-assembly-lottocracy-open-democracy
83,https://www.vox.com/future-perfect/22878118/jury-duty-citizens-assembly-lottocracy-open-democracy
84,https://www.vox.com/authors/dylan
85,
86,https://www.vox.com/recode/2022/1/12/22878622/5g-airplanes-c-band-interference-faa
87,https://www.vox.com/recode/2022/1/12/22878622/5g-airplanes-c-band-interference-faa
88,https://www.vox.com/authors/rebecca-heilweil
89,
90,https://www.vox.com/2022/1/12/22877010/supreme-court-ted-cruz-fec-campaign-finance-bribery-loan
91,https://www.vox.com/2022/1/12/22877010/supreme-court-ted-cruz-fec-campaign-finance-bribery-loan
92,https://www.vox.com/authors/ian-millhiser
93,
94,https://www.vox.com/science-and-health/22876360/climate-emissions-2021-coal-transportation
95,https://www.vox.com/science-and-health/22876360/climate-emissions-2021-coal-transportation
96,https://www.vox.com/authors/rebecca-leber
97,
98,https://www.vox.com/21523212/crossword-puzzles-free-daily-printable
99,https://www.vox.com/21523212/crossword-puzzles-free-daily-printable
100,https://www.vox.com/authors/vox-staff
101,
102,https://www.vox.com/vox-conversations-podcast/2022/1/12/22868445/vox-conversations-david-chalmers-the-matrix-reality
103,https://www.vox.com/vox-conversations-podcast/2022/1/12/22868445/vox-conversations-david-chalmers-the-matrix-reality
104,https://www.vox.com/authors/sean-illing
105,
106,https://www.vox.com/2021/8/19/22632826/facebook-ftc-lawsuit-antitrust-monopoly-lina-khan-instagram-whatsapp-path-circle
107,https://www.vox.com/2021/8/19/22632826/facebook-ftc-lawsuit-antitrust-monopoly-lina-khan-instagram-whatsapp-path-circle
108,https://www.vox.com/authors/shirin-ghaffary
109,
110,https://www.voxmedia.com/careers
111,https://www.voxmedia.com/careers
112,https://www.voxmedia.com/careers
113,https://www.vox.com/2022/1/11/22876524/joe-biden-filibuster-voting-rights-speech
114,https://www.vox.com/2022/1/11/22876524/joe-biden-filibuster-voting-rights-speech
115,https://www.vox.com/authors/li-zhou
116,
117,https://www.vox.com/22871812/eric-adams-aoc-low-skill-workers
118,https://www.vox.com/22871812/eric-adams-aoc-low-skill-workers
119,https://www.vox.com/authors/jerusalem-demsas
120,
121,https://www.vox.com/the-goods/22877013/hype-house-netflix-show
122,https://www.vox.com/the-goods/22877013/hype-house-netflix-show
123,https://www.vox.com/authors/rebecca-jennings
124,
125,https://www.vox.com/future-perfect/22872159/omicron-exposure-testing-masking-quarantine-cdc
126,https://www.vox.com/future-perfect/22872159/omicron-exposure-testing-masking-quarantine-cdc
127,https://www.vox.com/authors/sigal-samuel
128,
129,https://www.vox.com/recode/22841490/work-remote-wages-labor-force-participation-great-resignation-unions-quits
130,https://www.vox.com/recode/22841490/work-remote-wages-labor-force-participation-great-resignation-unions-quits
131,https://www.vox.com/authors/rani-molla
132,
133,https://www.vox.com/recode/22870328/how-to-use-rapid-tests-omicron
134,https://www.vox.com/recode/22870328/how-to-use-rapid-tests-omicron
135,https://www.vox.com/authors/rebecca-heilweil
136,
137,https://www.vox.com/22876650/photograph-japanese-concentration-camp-world-war
138,https://www.vox.com/22876650/photograph-japanese-concentration-camp-world-war
139,https://www.vox.com/authors/coleman-lowndes
140,
141,https://www.vox.com/culture/2022/1/10/22872347/station-eleven-hbo-max-color-green-apocalypse
142,https://www.vox.com/culture/2022/1/10/22872347/station-eleven-hbo-max-color-green-apocalypse
143,https://www.vox.com/authors/emily-vanderwerff
144,
145,https://www.vox.com/culture/22840526/colors-movies-tv-gray-digital-color-sludge
146,https://www.vox.com/culture/22840526/colors-movies-tv-gray-digital-color-sludge
147,https://www.vox.com/authors/emily-vanderwerff
148,
149,https://www.vox.com/22846697/climate-change-activism-joe-manchin-protest-build-back-better-biden
150,https://www.vox.com/22846697/climate-change-activism-joe-manchin-protest-build-back-better-biden
151,https://www.vox.com/authors/rebecca-leber
152,
153,https://www.vox.com/2022/1/9/22874719/nato-us-russia-ukraine-invasion-sanctions-meeting
154,https://www.vox.com/2022/1/9/22874719/nato-us-russia-ukraine-invasion-sanctions-meeting
155,https://www.vox.com/users/elioanes
156,
157,/videos
158,https://www.vox.com/22876650/photograph-japanese-concentration-camp-world-war
159,https://www.vox.com/22876650/photograph-japanese-concentration-camp-world-war
160,https://www.vox.com/22857251/2021-year-in-review
161,https://www.vox.com/22857251/2021-year-in-review
162,http://vox.com/video-newsletter
163,/videos
164,https://www.voxmedia.com/legal/privacy-notice
165,https://www.vox.com/pages/newsletters
166,/explainers
167,https://www.vox.com/recode/22836368/amazon-antitrust-ftc-marketplace
168,/explainers
169,https://itunes.apple.com/us/podcast/the-weeds/id1042433083
170,https://www.stitcher.com/podcast/stitcher/voxs-the-weeds
171,https://www.vox.com/22870713/puerto-rico-omicron-covid-vaccine-travel-restrictions
172,https://www.vox.com/22870713/puerto-rico-omicron-covid-vaccine-travel-restrictions
173,https://www.vox.com/authors/nicole-narea
174,
175,https://www.vox.com/down-to-earth/22849782/nature-conservation-indigenous-science-jessica-hernandez
176,https://www.vox.com/down-to-earth/22849782/nature-conservation-indigenous-science-jessica-hernandez
177,https://www.vox.com/users/Sarah%20Sax
178,
179,https://www.vox.com/2022/1/8/22873390/covid-19-better-masks-n95-respirator-surgical-omicron
180,https://www.vox.com/2022/1/8/22873390/covid-19-better-masks-n95-respirator-surgical-omicron
181,https://www.vox.com/users/elioanes
182,
183,https://www.vox.com/recode/2022/1/8/22872749/john-deere-self-driving-tractor-autonomous-farming
184,https://www.vox.com/recode/2022/1/8/22872749/john-deere-self-driving-tractor-autonomous-farming
185,https://www.vox.com/authors/adam-clark-estes
186,
187,https://www.vox.com/future-perfect/2022/1/8/22872066/dont-look-up-mckay-dicaprio-existential-risk-apocalypse
188,https://www.vox.com/future-perfect/2022/1/8/22872066/dont-look-up-mckay-dicaprio-existential-risk-apocalypse
189,https://www.vox.com/authors/kelsey-piper
190,
191,https://www.vox.com/recode/22872237/biden-electric-vehicle-batteries-clean-energy
192,https://www.vox.com/recode/22872237/biden-electric-vehicle-batteries-clean-energy
193,https://www.vox.com/authors/neel-dhanesha
194,
195,https://www.vox.com/2022/1/8/22866956/chuck-schumer-filibuster-democrats
196,https://www.vox.com/2022/1/8/22866956/chuck-schumer-filibuster-democrats
197,https://www.vox.com/authors/li-zhou
198,
199,https://www.vox.com/2022/1/8/22872642/kazakhstan-protests-russia-troops-putin
200,https://www.vox.com/2022/1/8/22872642/kazakhstan-protests-russia-troops-putin
201,https://www.vox.com/authors/jen-kirby
202,
203,https://www.vox.com/2022/1/7/22871919/supreme-court-vaccine-mandate-osha-workplace-cms-medicare-medicaid-biden
204,https://www.vox.com/2022/1/7/22871919/supreme-court-vaccine-mandate-osha-workplace-cms-medicare-medicaid-biden
205,https://www.vox.com/authors/ian-millhiser
206,
207,https://www.vox.com/culture/22870674/no-one-is-talking-about-this-patricia-lockwood
208,https://www.vox.com/culture/22870674/no-one-is-talking-about-this-patricia-lockwood
209,https://www.vox.com/authors/constance-grady
210,
211,https://www.vox.com/culture/22868432/yellowjackets-pretty-little-liars-teen-girl-horror
212,https://www.vox.com/culture/22868432/yellowjackets-pretty-little-liars-teen-girl-horror
213,https://www.vox.com/authors/constance-grady
214,
215,https://www.vox.com/22868691/supreme-court-abortion-brnovich-isaacson-arizona-roe-wade
216,https://www.vox.com/22868691/supreme-court-abortion-brnovich-isaacson-arizona-roe-wade
217,https://www.vox.com/authors/ian-millhiser
218,
219,https://www.vox.com/22868518/rehabilitation-trump-officials-washington
220,https://www.vox.com/22868518/rehabilitation-trump-officials-washington
221,https://www.vox.com/authors/jonathan-guyer
222,
223,https://www.vox.com/22866782/golden-globes-2022-watch-hfpa-controversy
224,https://www.vox.com/22866782/golden-globes-2022-watch-hfpa-controversy
225,https://www.vox.com/authors/alissa-wilkinson
226,
227,https://www.vox.com/22870160/sudan-protests-hamdok-resigned-coup-military
228,https://www.vox.com/22870160/sudan-protests-hamdok-resigned-coup-military
229,https://www.vox.com/authors/jen-kirby
230,
231,https://www.vox.com/policy-and-politics/2022/1/6/22870181/biden-january-6-speech-full-text-policy
232,https://www.vox.com/policy-and-politics/2022/1/6/22870181/biden-january-6-speech-full-text-policy
233,https://www.vox.com/authors/zack-beauchamp
234,
235,https://www.vox.com/recode/22870773/athletic-new-york-times-550-million-explained
236,https://www.vox.com/recode/22870773/athletic-new-york-times-550-million-explained
237,https://www.vox.com/authors/peter-kafka
238,
239,https://www.vox.com/22801265/fusion-energy-electricity-power-climate-change-research-iter
240,https://www.vox.com/22801265/fusion-energy-electricity-power-climate-change-research-iter
241,https://www.vox.com/authors/umair-irfan
242,
243,https://www.vox.com/22870396/january-6-trump-2024-insurrection-election-big-lie
244,https://www.vox.com/22870396/january-6-trump-2024-insurrection-election-big-lie
245,https://www.vox.com/authors/andrew-prokop
246,
247,https://www.vox.com/22841191/gifted-and-talented-education-programs-new-york-city
248,https://www.vox.com/22841191/gifted-and-talented-education-programs-new-york-city
249,https://www.vox.com/authors/fabiola-cineas
250,
251,/podcasts
252,https://www.vox.com/today-explained
253,https://www.vox.com/unexplainable
254,https://www.vox.com/recode-daily
255,/podcasts
256,https://www.voxmedia.com/legal/privacy-notice
257,https://www.vox.com/pages/newsletters
258,https://www.vox.com/archives
259,
260,https://www.vox.com/pages/newsletters
261,/
262,https://www.voxmedia.com/legal/terms-of-use
263,https://www.voxmedia.com/legal/privacy-notice
264,https://www.voxmedia.com/legal/cookie-policy
265,/contact#donotsell
266,https://www.voxmedia.com/pages/licensing
267,https://www.voxmedia.com/legal/accessibility
268,https://status.voxmedia.com
269,/contact
270,/contact#tip
271,/masthead
272,/pages/about-us
273,/press-room
274,https://www.vox.com/2018/12/7/18113237/ethics-and-guidelines-at-vox-com
275,https://www.voxmedia.com
276,https://voxmedia.stories.usechorus.com/?community_id=441
277,https://www.voxmedia.com/vox-advertising
278,https://jobs.voxmedia.com
279,https://www.voxmedia.com
