,wikiPidea News Link
0,
1,#mw-head
2,#searchInput
3,/wiki/Agence_France-Presse
4,/wiki/Associated_Press
5,/wiki/Reuters
6,/wiki/Wikipedia:Citation_needed
7,/wiki/United_Press_International
8,/wiki/E.W._Scripps
9,/wiki/International_News_Service
10,/wiki/William_Randolph_Hearst
11,/wiki/United_Press_International
12,/wiki/Communism
13,/wiki/Telegraph_Agency_of_the_Soviet_Union
14,/wiki/Xinhua
15,/wiki/Chinese_Soviet_Republic
16,/wiki/Third_World
17,/wiki/Non-Aligned_News_Agencies_Pool
18,#List
19,#A–M
20,#N–Z
21,#See_also
22,#References
23,/w/index.php?title=List_of_news_agencies&action=edit&section=1
24,/wiki/Wikipedia:WikiProject_Lists#Incomplete_lists
25,https://en.wikipedia.org/w/index.php?title=List_of_news_agencies&action=edit
26,/w/index.php?title=List_of_news_agencies&action=edit&section=2
27,/wiki/Afghanistan
28,/wiki/Afghan_Islamic_Press
29,/wiki/Bakhtar_News_Agency
30,/wiki/Khaama_Press
31,/wiki/Pajhwok_Afghan_News
32,/wiki/Albania
33,/wiki/Albanian_Telegraphic_Agency
34,/wiki/Algeria
35,/wiki/Algeria_Press_Service
36,/wiki/Angola
37,/wiki/Angola_Press_News_Agency
38,/wiki/Argentina
39,/wiki/Telam
40,/wiki/Armenia
41,/wiki/Armenpress
42,/wiki/PanARMENIAN.Net
43,/wiki/Australia
44,/wiki/Australian_Associated_Press
45,/wiki/Austria
46,/wiki/Austria_Press_Agency
47,/wiki/Azerbaijan
48,/wiki/AzerTaj
49,/wiki/Trend_News_Agency
50,/wiki/Bahrain
51,/wiki/Bahrain_News_Agency
52,/wiki/Bangladesh
53,/wiki/Bangladesh_Sangbad_Sangstha
54,/wiki/United_News_of_Bangladesh
55,/wiki/Belarus
56,/wiki/BelaPAN
57,/wiki/BelTA
58,/wiki/Belgium
59,/wiki/Belga_(news_agency)
60,/wiki/Bhutan
61,/wiki/Bhutan_News_Service
62,/wiki/Bolivia
63,/wiki/Agencia_Boliviana_de_Informaci%C3%B3n
64,/wiki/Bolpress
65,/wiki/Bosnia_and_Herzegovina
66,/wiki/FENA
67,/wiki/Brazil
68,/wiki/Ag%C3%AAncia_Brasil
69,/wiki/Ag%C3%AAncia_Estado
70,/wiki/Ag%C3%AAncia_O_Globo
71,/wiki/Bulgaria
72,/wiki/Bulgarian_News_Agency
73,/wiki/Cambodia
74,/wiki/Agence_Kampuchea_Press
75,/wiki/Canada
76,/wiki/The_Canadian_Press
77,/wiki/China
78,/wiki/China_News_Service
79,/wiki/Xinhua
80,/wiki/Colombia
81,/wiki/Noticias_Caracol
82,/wiki/Citytv_Bogot%C3%A1
83,/wiki/Canal_1
84,/wiki/Croatia
85,/wiki/Croatian_News_Agency
86,/wiki/Cuba
87,/wiki/Prensa_Latina
88,/wiki/Cyprus
89,/wiki/Cyprus_News_Agency
90,/wiki/Czech_Republic
91,/wiki/Czech_News_Agency
92,/wiki/Denmark
93,/wiki/Ritzau
94,/wiki/East_Timor
95,/wiki/Tatoli
96,/wiki/Ecuador
97,/wiki/Public_News_Agency_of_Ecuador_and_South_America
98,/wiki/Egypt
99,/wiki/MENA_(news)
100,/wiki/Estonia
101,/wiki/Baltic_News_Service
102,/wiki/Ethiopia
103,/wiki/Ethiopian_News_Agency
104,/wiki/Fiji
105,/wiki/Pacnews
106,/wiki/Finland
107,/wiki/Suomen_Tietotoimisto
108,/wiki/France
109,/wiki/Agence_France-Presse
110,/wiki/Germany
111,/wiki/Deutsche_Presse-Agentur
112,/wiki/Georgia_(country)
113,/wiki/GHN_(news_agency)
114,/wiki/Ghana
115,/wiki/Ghana_News_Agency
116,/wiki/Greece
117,/wiki/Athens-Macedonian_News_Agency
118,/wiki/Hungary
119,/wiki/Magyar_T%C3%A1virati_Iroda
120,/wiki/India
121,/wiki/Asian_News_International
122,/wiki/Hindusthan_Samachar
123,/wiki/Indo-Asian_News_Service
124,/wiki/Press_Trust_of_India
125,/wiki/United_News_of_India
126,/wiki/Indonesia
127,/wiki/Antara_(news_agency)
128,/wiki/KBR_(news_agency)
129,/wiki/Iran
130,/wiki/Fars_News_Agency
131,/wiki/Iranian_Labour_News_Agency
132,/wiki/Iranian_Students%27_News_Agency
133,/wiki/Islamic_Republic_News_Agency
134,/wiki/Mehr_News_Agency
135,/wiki/Tasnim_News_Agency
136,/wiki/Iraq
137,/wiki/National_Iraqi_News_Agency
138,/wiki/Israel
139,/wiki/ITIM_(news_agency)
140,/wiki/Italy
141,/wiki/Adnkronos
142,/wiki/Agenzia_Giornalistica_Italia
143,/wiki/Agenzia_Giornalistica_RCS
144,/wiki/Agenzia_Nazionale_Stampa_Associata
145,/wiki/Agenzia_Stefani
146,/wiki/Ansa_Mediterranean
147,/wiki/APCOM
148,/wiki/ASCA_(news_agency)
149,/wiki/AsiaNews
150,/wiki/Il_Sole_24_Ore_Radiocor
151,/wiki/Inter_Press_Service
152,/wiki/Japan
153,/wiki/Jiji_Press
154,/wiki/Kyodo_News
155,/wiki/Jordan
156,/wiki/Jordan_News_Agency
157,/wiki/Kazakhstan
158,/wiki/Kazinform
159,/wiki/Kenya
160,/wiki/Kenya_News_Agency
161,/wiki/Kosovo
162,/wiki/Kosova_Press
163,/wiki/Kuwait
164,/wiki/Kuwait_News_Agency
165,/wiki/Kyrgyzstan
166,/wiki/AKIpress_news_agency
167,/wiki/Kabar_(news_agency)
168,/wiki/Laos
169,/wiki/Lao_News_Agency
170,/wiki/Latvia
171,/wiki/LETA
172,/wiki/Lithuania
173,/wiki/ELTA
174,/wiki/Malawi
175,/wiki/Malawi_News_Agency
176,/wiki/Malaysia
177,/wiki/Bernama
178,/wiki/Mexico
179,/wiki/Notimex
180,/wiki/Moldova
181,/wiki/Moldpres
182,/wiki/Mongolia
183,/wiki/Montsame
184,/wiki/Montenegro
185,/wiki/Montenegrin_News_Agency
186,/wiki/Morocco
187,/wiki/Maghreb_Arabe_Press
188,/wiki/Myanmar
189,/wiki/Myanmar_News_Agency
190,/wiki/Myanmar_Now
191,/w/index.php?title=List_of_news_agencies&action=edit&section=3
192,/wiki/Namibia
193,/wiki/Namibia_Press_Agency
194,/wiki/Nepal
195,/wiki/Rastriya_Samachar_Samiti
196,/wiki/Netherlands
197,/wiki/Algemeen_Nederlands_Persbureau
198,/wiki/Nigeria
199,/wiki/News_Agency_of_Nigeria
200,/wiki/North_Korea
201,/wiki/Korean_Central_News_Agency
202,/wiki/North_Macedonia
203,/wiki/Media_Information_Agency
204,/wiki/Makfax
205,/wiki/Norway
206,/wiki/Avisenes_Nyhetsbyr%C3%A5
207,/wiki/Norsk_Telegrambyr%C3%A5
208,/wiki/Oman
209,/wiki/Oman_News_Agency
210,/wiki/Pakistan
211,/wiki/Associated_Press_of_Pakistan
212,/wiki/Associated_Press_Service
213,/wiki/Pakistan_Press_International
214,/wiki/Palestinian_Territories
215,/wiki/Ma%27an_News_Agency
216,/wiki/Wafa
217,/wiki/Peru
218,/wiki/Andina_(news_agency)
219,/wiki/Philippines
220,/wiki/Philippine_News_Agency
221,/wiki/Poland
222,/wiki/Polish_Press_Agency
223,/wiki/Portugal
224,/wiki/Ag%C3%AAncia_Lusa
225,/wiki/Via_News_Agency
226,/wiki/Qatar
227,/wiki/Qatar_News_Agency
228,/wiki/Romania
229,/wiki/AGERPRES
230,/wiki/Mediafax
231,/wiki/Rador
232,/wiki/Russia
233,/wiki/Interfax
234,/wiki/Rossiya_Segodnya
235,/wiki/Russian_News_Agency_TASS
236,/wiki/Saudi_Arabia
237,/wiki/International_Islamic_News_Agency
238,/wiki/Saudi_Press_Agency
239,/wiki/Senegal
240,/wiki/PanaPress
241,/wiki/Serbia
242,/wiki/Beta_News_Agency
243,/wiki/Tanjug
244,/wiki/Seychelles
245,/wiki/Seychelles_News_Agency
246,/wiki/Singapore
247,/wiki/CNA_(TV_network)
248,/wiki/Slovakia
249,/wiki/News_Agency_of_the_Slovak_Republic
250,/wiki/Slovenia
251,/wiki/Slovenian_Press_Agency
252,/wiki/South_Africa
253,/wiki/African_News_Agency
254,/wiki/South_Korea
255,/wiki/Newsis
256,/wiki/Yonhap_News_Agency
257,/wiki/South_Sudan
258,/wiki/South_Sudan_News_Agency
259,/wiki/Spain
260,/wiki/Agencia_EFE
261,/wiki/Catalan_News_Agency
262,/wiki/Europa_Press_(news_agency)
263,/wiki/Sri_Lanka
264,/wiki/Lankapuvath
265,/wiki/Sudan
266,/wiki/Sudan_News_Agency
267,/wiki/Sweden
268,/wiki/Direkt
269,/wiki/Tidningarnas_Telegrambyr%C3%A5
270,/wiki/Switzerland
271,/wiki/Swiss_Telegraphic_Agency
272,/wiki/Syria
273,/wiki/Hawar_News_Agency
274,/wiki/Syrian_Arab_News_Agency
275,/wiki/Taiwan
276,/wiki/Central_News_Agency_(Republic_of_China)
277,/wiki/Tajikistan
278,/wiki/Khovar
279,/wiki/Thailand
280,/wiki/MCOT
281,/wiki/Tunisia
282,/wiki/Tunis_Afrique_Presse
283,/wiki/Turkey
284,/wiki/Anadolu_Agency
285,/wiki/Anka_News_Agency
286,/wiki/Demir%C3%B6ren_News_Agency
287,/wiki/%C4%B0hlas_News_Agency
288,/wiki/Turkmenistan
289,/wiki/Turkmenistan_State_News_Agency
290,/wiki/Ukraine
291,/wiki/Ukrainian_Independent_Information_Agency
292,/wiki/Ukrainian_News_Agency
293,/wiki/Ukrinform
294,/wiki/United_Arab_Emirates
295,/wiki/Emirates_News_Agency
296,/wiki/United_Kingdom
297,/wiki/PA_Media
298,/wiki/Reuters
299,/wiki/BBC_News
300,/wiki/ITN
301,/wiki/Sky_News
302,/wiki/United_States
303,/wiki/Associated_Press
304,/wiki/Bloomberg_News
305,/wiki/Catholic_News_Agency
306,/wiki/Catholic_News_Service
307,/wiki/Fourth_Estate_Public_Benefit_Corporation
308,/wiki/Jewish_Telegraphic_Agency
309,/wiki/Religion_News_Service
310,/wiki/United_Press_International
311,/wiki/Uzbekistan
312,/wiki/Uzbekistan_National_News_Agency
313,/wiki/Vatican_City
314,/wiki/Agenzia_Fides
315,/wiki/Venezuela
316,/wiki/Agencia_Venezolana_de_Noticias
317,/wiki/Vietnam
318,/wiki/Vietnam_News_Agency
319,/wiki/Yemen
320,/wiki/Saba_News_Agency
321,/w/index.php?title=List_of_news_agencies&action=edit&section=4
322,/wiki/Portal:Journalism
323,/wiki/Portal:Lists
324,/wiki/List_of_press_release_agencies
325,/wiki/List_of_wire_services
326,/w/index.php?title=List_of_news_agencies&action=edit&section=5
327,/wiki/Template:News_agencies
328,/wiki/Template_talk:News_agencies
329,https://en.wikipedia.org/w/index.php?title=Template:News_agencies&action=edit
330,/wiki/News_agency
331,
332,/wiki/European_Alliance_of_News_Agencies
333,/wiki/Agence_France-Presse
334,/wiki/Paris
335,/wiki/Reuters
336,/wiki/London
337,/wiki/Associated_Press
338,/wiki/New_York_City
339,/wiki/AllAfrica.com
340,/wiki/Mauritius
341,/wiki/Algeria_Press_Service
342,/wiki/Algiers
343,/wiki/Ethiopian_News_Agency
344,/wiki/Addis_Ababa
345,/wiki/Kenya_News_Agency
346,/wiki/Nairobi
347,/wiki/Integrated_Regional_Information_Networks
348,/wiki/Nairobi
349,/wiki/News_Agency_of_Nigeria
350,/wiki/Abuja
351,/wiki/Maghreb_Arabe_Press
352,/wiki/Rabat
353,/wiki/Middle_East_News_Agency
354,/wiki/Cairo
355,/wiki/PanaPress
356,/wiki/Dakar
357,/wiki/Tunis_Afrique_Presse
358,/wiki/Tunis
359,/wiki/Agencia_Boliviana_de_Informaci%C3%B3n
360,/wiki/La_Paz
361,/wiki/Ag%C3%AAncia_Brasil
362,/wiki/Bras%C3%ADlia
363,/wiki/Bloomberg_News
364,/wiki/New_York_City
365,/wiki/Bolpress
366,/wiki/La_Paz
367,/wiki/The_Canadian_Press
368,/wiki/Toronto
369,/wiki/Catholic_News_Agency
370,/wiki/Denver
371,/wiki/Catholic_News_Service
372,/wiki/America
373,/wiki/Jewish_Telegraphic_Agency
374,/wiki/Prensa_Latina
375,/wiki/Havana
376,/wiki/T%C3%A9lam
377,/wiki/Buenos_Aires
378,/wiki/United_Press_International
379,"/wiki/Boca_Raton,_FL"
380,/wiki/Antara_(news_agency)
381,/wiki/Jakarta
382,/wiki/Asian_News_International
383,/wiki/New_Delhi
384,/wiki/Asia_News_Network
385,/wiki/Bangkok
386,/wiki/Associated_Press_of_Pakistan
387,/wiki/Islamabad
388,/wiki/Bernama
389,/wiki/Kuala_Lumpur
390,/wiki/Central_News_Agency_(Taiwan)
391,/wiki/Taipei
392,/wiki/Interfax
393,/wiki/Moscow
394,/wiki/Korean_Central_News_Agency
395,/wiki/Pyongyang
396,/wiki/Kyodo_News
397,/wiki/Tokyo
398,/wiki/Islamic_Republic_News_Agency
399,/wiki/Tehran
400,/wiki/Myanmar_News_Agency
401,/wiki/Yangon
402,/wiki/Myanmar_Now
403,/wiki/Yangon
404,/wiki/Philippine_News_Agency
405,/wiki/Quezon_City
406,/wiki/Press_Trust_of_India
407,/wiki/Delhi
408,/wiki/Rastriya_Samachar_Samiti
409,/wiki/Kathmandu
410,/wiki/RIA_Novosti
411,/wiki/Moscow
412,/wiki/TASS
413,/wiki/Moscow
414,/wiki/Turkmenistan_State_News_Agency
415,/wiki/Turkmenistan
416,/wiki/Ukrinform
417,/wiki/Kyiv
418,/wiki/United_News_of_India
419,/wiki/New_Delhi
420,/wiki/Vietnam_News_Agency
421,/wiki/Hanoi
422,/wiki/Xinhua_News_Agency
423,/wiki/Beijing
424,/wiki/Yonhap
425,/wiki/Seoul
426,/wiki/Agenzia_Fides
427,/wiki/Vatican_City
428,/wiki/Agenzia_Nazionale_Stampa_Associata
429,/wiki/Rome
430,/wiki/Agerpres
431,/wiki/Bucharest
432,/wiki/Albanian_Telegraphic_Agency
433,/wiki/Tirana
434,/wiki/Anadolu_Agency
435,/wiki/Ankara
436,/wiki/Athens-Macedonian_News_Agency
437,/wiki/Athens
438,/wiki/Austria_Press_Agency
439,/wiki/Vienna
440,/wiki/Baltic_News_Service
441,/wiki/Tallinn
442,/wiki/Belga_(news_agency)
443,/wiki/Brussels
444,/wiki/Catalan_News_Agency
445,/wiki/Barcelona
446,/wiki/Deutsche_Presse-Agentur
447,/wiki/Hamburg
448,/wiki/EFE
449,/wiki/Madrid
450,/wiki/FENA
451,/wiki/Sarajevo
452,/wiki/Inter_Press_Service
453,/wiki/Rome
454,/wiki/LETA
455,/wiki/Riga
456,/wiki/Lusa_news_agency
457,/wiki/Lisbon
458,/wiki/Magyar_T%C3%A1virati_Iroda
459,/wiki/Budapest
460,/wiki/Norwegian_News_Agency
461,/wiki/Oslo
462,/wiki/PA_Media
463,/wiki/London
464,/wiki/Polska_Agencja_Prasowa
465,/wiki/Warsaw
466,/wiki/Swiss_Telegraphic_Agency
467,/wiki/Bern
468,/wiki/TASR
469,/wiki/Bratislava
470,/wiki/Zenit_News_Agency
471,/wiki/Rome
472,/wiki/Australian_Associated_Press
473,/wiki/Sydney
474,/wiki/Category:News_agencies
475,https://commons.wikimedia.org/wiki/Category:News_agencies
476,/wiki/File:Symbol_portal_class.svg
477,/wiki/Portal:Journalism
478,https://en.wikipedia.org/w/index.php?title=List_of_news_agencies&oldid=1064830296
479,/wiki/Help:Category
480,/wiki/Category:News_agencies
481,/wiki/Category:Journalism_lists
482,/wiki/Category:Articles_with_short_description
483,/wiki/Category:Short_description_is_different_from_Wikidata
484,/wiki/Category:All_articles_with_unsourced_statements
485,/wiki/Category:Articles_with_unsourced_statements_from_October_2021
486,/wiki/Category:Articles_using_small_message_boxes
487,/wiki/Category:Incomplete_lists_from_August_2012
488,/wiki/Special:MyTalk
489,/wiki/Special:MyContributions
490,/w/index.php?title=Special:CreateAccount&returnto=List+of+news+agencies&returntoquery=headers%3DUser-Agent
491,/w/index.php?title=Special:UserLogin&returnto=List+of+news+agencies&returntoquery=headers%3DUser-Agent
492,/wiki/List_of_news_agencies
493,/wiki/Talk:List_of_news_agencies
494,/wiki/List_of_news_agencies
495,/w/index.php?title=List_of_news_agencies&action=edit
496,/w/index.php?title=List_of_news_agencies&action=history
497,/wiki/Main_Page
498,/wiki/Main_Page
499,/wiki/Wikipedia:Contents
500,/wiki/Portal:Current_events
501,/wiki/Special:Random
502,/wiki/Wikipedia:About
503,//en.wikipedia.org/wiki/Wikipedia:Contact_us
504,https://donate.wikimedia.org/wiki/Special:FundraiserRedirector?utm_source=donate&utm_medium=sidebar&utm_campaign=C13_en.wikipedia.org&uselang=en
505,/wiki/Help:Contents
506,/wiki/Help:Introduction
507,/wiki/Wikipedia:Community_portal
508,/wiki/Special:RecentChanges
509,/wiki/Wikipedia:File_Upload_Wizard
510,/wiki/Special:WhatLinksHere/List_of_news_agencies
511,/wiki/Special:RecentChangesLinked/List_of_news_agencies
512,/wiki/Wikipedia:File_Upload_Wizard
513,/wiki/Special:SpecialPages
514,/w/index.php?title=List_of_news_agencies&oldid=1064830296
515,/w/index.php?title=List_of_news_agencies&action=info
516,/w/index.php?title=Special:CiteThisPage&page=List_of_news_agencies&id=1064830296&wpFormIdentifier=titleform
517,https://www.wikidata.org/wiki/Special:EntityPage/Q3242849
518,/w/index.php?title=Special:DownloadAsPdf&page=List_of_news_agencies&action=show-download-screen
519,/w/index.php?title=List_of_news_agencies&printable=yes
520,https://cs.wikipedia.org/wiki/Seznam_zpravodajsk%C3%BDch_agentur
521,https://de.wikipedia.org/wiki/Liste_der_Nachrichtenagenturen
522,https://fr.wikipedia.org/wiki/Liste_d%27agences_de_presse
523,https://hu.wikipedia.org/wiki/H%C3%ADr%C3%BCgyn%C3%B6ks%C3%A9gek_list%C3%A1ja
524,https://ro.wikipedia.org/wiki/List%C4%83_de_agen%C8%9Bii_de_pres%C4%83
525,https://www.wikidata.org/wiki/Special:EntityPage/Q3242849#sitelinks-wikipedia
526,//en.wikipedia.org/wiki/Wikipedia:Text_of_Creative_Commons_Attribution-ShareAlike_3.0_Unported_License
527,//creativecommons.org/licenses/by-sa/3.0/
528,//foundation.wikimedia.org/wiki/Terms_of_Use
529,//foundation.wikimedia.org/wiki/Privacy_policy
530,//www.wikimediafoundation.org/
531,https://foundation.wikimedia.org/wiki/Privacy_policy
532,/wiki/Wikipedia:About
533,/wiki/Wikipedia:General_disclaimer
534,//en.wikipedia.org/wiki/Wikipedia:Contact_us
535,//en.m.wikipedia.org/w/index.php?title=List_of_news_agencies&headers=User-Agent&mobileaction=toggle_view_mobile
536,https://www.mediawiki.org/wiki/Special:MyLanguage/How_to_contribute
537,https://stats.wikimedia.org/#/en.wikipedia.org
538,https://foundation.wikimedia.org/wiki/Cookie_statement
539,https://wikimediafoundation.org/
540,https://www.mediawiki.org/
